Point ID,H_lower,H_upper,Points_0,Points_1,Points_2,Points_Magnitude,arc_length,b,v1_lower,v1_upper,v2_lower,v2_upper,vtkValidPointMask
0,1,2,0,0,0,0,0,0,-0.000000000,-0.000000000,-0.000000000,-0.000000000,1
1,1,2,0.01,0.01,0,0.0141421,0.0141421,0,-0.000000000,-0.000000000,0.000000000,0.000000000,1
2,1,2,0.02,0.02,0,0.0282843,0.0282843,0,-0.000000000,-0.000000000,-0.000000000,-0.000000000,1
3,1,2,0.03,0.03,0,0.0424264,0.0424264,0,0.000000000,0.000000000,-0.000000000,-0.0000000,1
5,1,2,0.05,0.05,0,0.0707107,0.0707107,0,0.000000000,0.000000000,-0.000000000,0.000000000,1
6,1,2,0.06,0.06,0,0.0848528,0.0848528,0,0.000000000,0.000000000,-0.000000000,0.000000000,1
7,1,2,0.07,0.07,0,0.0989949,0.0989949,0,0.000000000,0.000000000,-0.000000000,-0.000000000,1
8,1,2,0.08,0.08,0,0.113137,0.113137,0,0.000000000,-0.000000000,-0.000000000,-0.000000000,1
9,1,2,0.09,0.09,0,0.127279,0.127279,0,-0.000000000,-0.000000000,-0.000000000,-0.0000000,1
13,1,2,0.13,0.13,0,0.183848,0.183848,0,-0.000000000,-0.000000000,-0.000000000,-0.000000000,1
14,1,2,0.14,0.14,0,0.19799,0.19799,0,-0.000000000,-0.000000000,-0.000000000,-0.000000000,1
15,1,2,0.15,0.15,0,0.212132,0.212132,0,-0.000000000,-0.000000000,-0.000000000,-0.000000000,1
16,1,2,0.16,0.16,0,0.226274,0.226274,0,-0.000000000,-0.000000000,-0.000000000,-0.000000000,1
17,1,2,0.17,0.17,0,0.240416,0.240416,0,-0.00000000,-0.000000000,-0.000000000,-0.000000000,1
18,1,2,0.18,0.18,0,0.254558,0.254558,0,-0.000000000,-0.000000000,-0.000000000,-0.000000000,1
19,1,2,0.19,0.19,0,0.268701,0.268701,0,-0.0000000,-0.000000000,-0.00000000,-0.00000000,1
20,1,2,0.2,0.2,0,0.282843,0.282843,0,-0.000000000,-0.000000000,-0.000000000,-0.000000000,1
24,1,2,0.24,0.24,0,0.339411,0.339411,0,0.000000000,0.000000000,0.000000000,0.000000000,1
27,1,2,0.27,0.27,0,0.381838,0.381838,0,0.000000000,0.00000000,0.000000000,0.00000000,1
28,1,2,0.28,0.28,0,0.39598,0.39598,0,0.000000000,0.000000000,-0.000000000,-0.000000000,1
29,1,2,0.29,0.29,0,0.410122,0.410122,0,0.000000000,0.000000000,-0.000000000,-0.000000000,1
30,1,2,0.3,0.3,0,0.424264,0.424264,0,0.000000000,-0.000000000,-0.000000000,-0.000000000,1
31,1,2,0.31,0.31,0,0.438406,0.438406,0,-0.000000000,-0.000000000,-0.000000000,-0.000000000,1
32,1,2,0.32,0.32,0,0.452548,0.452548,0,-0.000000000,-0.00000000,-0.000000000,-0.000000000,1
33,1,2,0.33,0.33,0,0.46669,0.46669,0,-0.000000000,-0.000000000,-0.000000000,-0.000000000,1
34,1,2,0.34,0.34,0,0.480833,0.480833,0,-0.00000000,-0.000000000,0.000000000,0.000000000,1
35,1,2,0.35,0.35,0,0.494975,0.494975,0,-0.000000000,-0.000000000,0.000000000,0.00000000,1
36,1,2,0.36,0.36,0,0.509117,0.509117,0,-0.000000000,-0.000000000,0.000000000,0.000000000,1
37,1,2,0.37,0.37,0,0.523259,0.523259,0,-0.000000000,-0.000000000,0.000000000,0.000000000,1
38,1,2,0.38,0.38,0,0.537401,0.537401,0,-0.00000000,-0.000000000,-0.000000000,-0.000000000,1
39,1,2,0.39,0.39,0,0.551543,0.551543,0,-0.000000000,-0.000000000,-0.000000000,-0.000000000,1
40,1,2,0.4,0.4,0,0.565685,0.565685,0,0.000000000,0.000000000,-0.000000000,-0.000000000,1
41,1,2,0.41,0.41,0,0.579828,0.579828,0,0.000000000,0.000000000,0.000000000,0.000000000,1
42,1,2,0.42,0.42,0,0.59397,0.59397,0,0.000000000,0.000000000,0.00000000,0.000000000,1
43,1,2,0.43,0.43,0,0.608112,0.608112,0,0.000000000,0.000000000,0.000000000,0.000000000,1
44,1,2,0.44,0.44,0,0.622254,0.622254,0,0.000000000,0.000000000,0.00000000,0.000000000,1
45,1,2,0.45,0.45,0,0.636396,0.636396,0,0.000000000,0.000000000,0.00000000,0.000000000,1
46,1,2,0.46,0.46,0,0.650538,0.650538,0,0.000000000,0.000000000,-0.000000000,-0.000000000,1
47,1,2,0.47,0.47,0,0.66468,0.66468,0,-0.000000000,-0.000000000,-0.000000000,-0.000000000,1
48,1,2,0.48,0.48,0,0.678823,0.678823,0,-0.000000000,-0.00000000,-0.000000000,-0.000000000,1
49,1,2,0.49,0.49,0,0.692965,0.692965,0,-0.000000000,-0.00000000,-0.00000000,-0.000000000,1
50,1,2,0.5,0.5,0,0.707107,0.707107,0,-0.000000000,-0.00000000,-0.000000000,-0.000000000,1
51,1,2,0.51,0.51,0,0.721249,0.721249,0,-0.000000000,-0.000000000,-0.000000000,-0.000000000,1
52,1,2,0.52,0.52,0,0.735391,0.735391,0,-0.000000000,-0.000000000,-0.000000000,-0.000000000,1
53,1,2,0.53,0.53,0,0.749533,0.749533,0,-0.000000000,-0.000000000,-0.000000000,-0.000000000,1
54,1,2,0.54,0.54,0,0.763675,0.763675,0,-0.000000000,-0.000000000,-0.00000000,-0.000000000,1
55,1,2,0.55,0.55,0,0.777817,0.777817,0,-0.000000000,-0.000000000,-0.000000000,-0.000000000,1
56,1,2,0.56,0.56,0,0.79196,0.79196,0,0.000000000,0.000000000,-0.000000000,-0.000000000,1
57,1,2,0.57,0.57,0,0.806102,0.806102,0,0.000000000,0.000000000,-0.000000000,-0.000000000,1
58,1,2,0.58,0.58,0,0.820244,0.820244,0,-0.000000000,-0.000000000,-0.000000000,-0.000000000,1
59,1,2,0.59,0.59,0,0.834386,0.834386,0,-0.000000000,-0.000000000,-0.000000000,-0.000000000,1
60,1,2,0.6,0.6,0,0.848528,0.848528,0,-0.000000000,-0.000000000,-0.000000000,-0.000000000,1
61,1,2,0.61,0.61,0,0.86267,0.86267,0,-0.000000000,-0.000000000,-0.000000000,-0.000000000,1
62,1,2,0.62,0.62,0,0.876812,0.876812,0,-0.000000000,-0.000000000,-0.000000000,-0.000000000,1
63,1,2,0.63,0.63,0,0.890955,0.890955,0,-0.000000000,-0.000000000,-0.000000000,-0.000000000,1
64,1,2,0.64,0.64,0,0.905097,0.905097,0,-0.000000000,-0.000000000,-0.000000000,-0.000000000,1
65,1,2,0.65,0.65,0,0.919239,0.919239,0,-0.000000000,-0.000000000,-0.000000000,-0.000000000,1
66,1,2,0.66,0.66,0,0.933381,0.933381,0,-0.000000000,-0.000000000,-0.000000000,-0.000000000,1
67,1,2,0.67,0.67,0,0.947523,0.947523,0,-0.000000000,-0.000000000,-0.000000000,-0.000000000,1
68,1,2,0.68,0.68,0,0.961665,0.961665,0,-0.000000000,-0.000000000,-0.000000000,-0.000000000,1
69,1,2,0.69,0.69,0,0.975807,0.975807,0,0.00000000,0.00000000,-0.000000000,-0.000000000,1
70,1,2,0.7,0.7,0,0.989949,0.989949,0,0.000000000,0.000000000,-0.000000000,-0.000000000,1
71,1,2,0.71,0.71,0,1.00409,1.00409,0,0.000000000,0.000000000,-0.000000000,-0.000000000,1
72,1,2,0.72,0.72,0,1.01823,1.01823,0,0.000000000,0.000000000,-0.000000000,-0.000000000,1
73,1,2,0.73,0.73,0,1.03238,1.03238,0,-0.000000000,-0.000000000,-0.000000000,-0.000000000,1
74,1,2,0.74,0.74,0,1.04652,1.04652,0,-0.000000000,-0.000000000,-0.000000000,-0.000000000,1
75,1,2,0.75,0.75,0,1.06066,1.06066,0,-0.000000000,-0.000000000,-0.000000000,-0.000000000,1
76,1,2,0.76,0.76,0,1.0748,1.0748,0,-0.000000000,-0.000000000,-0.000000000,-0.000000000,1
77,1,2,0.77,0.77,0,1.08894,1.08894,0,-0.000000000,-0.000000000,-0.00000000,-0.00000000,1
78,1,2,0.78,0.78,0,1.10309,1.10309,0,-0.000000000,-0.000000000,-0.000000000,-0.000000000,1
79,1,2,0.79,0.79,0,1.11723,1.11723,0,-0.000000000,-0.000000000,-0.000000000,-0.000000000,1
80,1,2,0.8,0.8,0,1.13137,1.13137,0,-0.000000000,-0.000000000,-0.000000000,-0.000000000,1
81,1,2,0.81,0.81,0,1.14551,1.14551,0,-0.000000000,-0.000000000,0.000000000,0.000000000,1
82,1,2,0.82,0.82,0,1.15966,1.15966,0,-0.000000000,-0.000000000,0.0000000,0.0000000,1
83,1,2,0.83,0.83,0,1.1738,1.1738,0,-0.00000000,-0.00000000,0.000000000,0.000000000,1
84,1,2,0.84,0.84,0,1.18794,1.18794,0,-0.000000000,-0.000000000,0.000000000,0.000000000,1
85,1,2,0.85,0.85,0,1.20208,1.20208,0,-0.000000000,-0.000000000,0.000000000,0.000000000,1
86,1,2,0.86,0.86,0,1.21622,1.21622,0,-0.000000000,-0.000000000,0.00000000,0.00000000,1
87,1,2,0.87,0.87,0,1.23037,1.23037,0,-0.000000000,-0.000000000,0.000000000,0.000000000,1
88,1,2,0.88,0.88,0,1.24451,1.24451,0,0.000000000,0.000000000,0.000000000,0.000000000,1
89,1,2,0.89,0.89,0,1.25865,1.25865,0,0.000000000,0.000000000,-0.000000000,-0.000000000,1
90,1,2,0.9,0.9,0,1.27279,1.27279,0,0.00000000,0.00000000,-0.000000000,-0.000000000,1
91,1,2,0.91,0.91,0,1.28693,1.28693,0,0.000000000,0.000000000,-0.000000000,-0.000000000,1
92,1,2,0.92,0.92,0,1.30108,1.30108,0,0.000000000,0.000000000,-0.000000000,-0.000000000,1
93,1,2,0.93,0.93,0,1.31522,1.31522,0,0.000000000,0.000000000,-0.000000000,-0.000000000,1
94,1,2,0.94,0.94,0,1.32936,1.32936,0,-0.000000000,-0.000000000,-0.000000000,-0.000000000,1
95,1,2,0.95,0.95,0,1.3435,1.3435,0,-0.000000000,-0.000000000,-0.000000000,-0.000000000,1
96,1,2,0.96,0.96,0,1.35765,1.35765,0,-0.000000000,-0.000000000,-0.000000000,-0.000000000,1
97,1,2,0.97,0.97,0,1.37179,1.37179,0,-0.000000000,-0.000000000,-0.000000000,-0.000000000,1
98,1,2,0.98,0.98,0,1.38593,1.38593,0,0.000000000,0.000000000,0.000000000,0.000000000,1
99,1,2,0.99,0.99,0,1.40007,1.40007,0,0.000000000,0.000000000,0.000000000,0.000000000,1
100,1,2,1,1,0,1.41421,1.41421,0,0.000000000,0.000000000,0.000000000,0.000000000,1
101,1,2,1.01,1.01,0,1.42836,1.42836,0,0.000000000,0.000000000,0.000000000,0.000000000,1
102,1,2,1.02,1.02,0,1.4425,1.4425,0,0.00000000,0.00000000,0.000000000,0.000000000,1
103,1,2,1.03,1.03,0,1.45664,1.45664,0,0.000000000,0.000000000,0.000000000,0.000000000,1
104,1,2,1.04,1.04,0,1.47078,1.47078,0,0.000000000,0.000000000,0.000000000,0.000000000,1
105,1,2,1.05,1.05,0,1.48492,1.48492,0,0.000000000,0.000000000,0.000000000,0.000000000,1
106,1,2,1.06,1.06,0,1.49907,1.49907,0,0.00000000,0.00000000,0.000000000,0.000000000,1
107,1,2,1.07,1.07,0,1.51321,1.51321,0,0.000000000,0.000000000,0.000000000,0.000000000,1
108,1,2,1.08,1.08,0,1.52735,1.52735,0,-0.00000000,-0.00000000,0.000000,0.000000,1
109,1,2,1.09,1.09,0,1.54149,1.54149,0,-0.000000000,-0.000000000,0.000000000,0.000000000,1
110,1,2,1.1,1.1,0,1.55563,1.55563,0,-0.000000000,-0.000000000,0.00000000,0.00000000,1
111,1,2,1.11,1.11,0,1.56978,1.56978,0,-0.000000000,-0.000000000,0.000000000,0.000000000,1
112,1,2,1.12,1.12,0,1.58392,1.58392,0,-0.000000000,-0.000000000,0.000000000,0.000000000,1
113,1,2,1.13,1.13,0,1.59806,1.59806,0,-0.000000000,-0.000000000,0.000000000,0.000000000,1
114,1,2,1.14,1.14,0,1.6122,1.6122,0,-0.000000000,-0.000000000,-0.000000000,-0.000000000,1
115,1,2,1.15,1.15,0,1.62635,1.62635,0,-0.000000000,-0.000000000,-0.000000000,-0.000000000,1
116,1,2,1.16,1.16,0,1.64049,1.64049,0,0.000000000,0.000000000,0.000000000,0.000000000,1
117,1,2,1.17,1.17,0,1.65463,1.65463,0,0.00000000,0.00000000,0.000000000,0.000000000,1
118,1,2,1.18,1.18,0,1.66877,1.66877,0,0.000000000,0.000000000,0.000000000,0.000000000,1
119,1,2,1.19,1.19,0,1.68291,1.68291,0,-0.000000000,-0.000000000,0.000000000,0.000000000,1
120,1,2,1.2,1.2,0,1.69706,1.69706,0,-0.000000000,-0.000000000,0.000000000,0.000000000,1
121,1,2,1.21,1.21,0,1.7112,1.7112,0,-0.000000000,-0.000000000,0.000000000,0.000000000,1
122,1,2,1.22,1.22,0,1.72534,1.72534,0,-0.000000000,-0.000000000,0.000000000,0.000000000,1
123,1,2,1.23,1.23,0,1.73948,1.73948,0,-0.000000000,-0.000000000,-0.000000000,-0.000000000,1
124,1,2,1.24,1.24,0,1.75362,1.75362,0,-0.000000000,-0.000000000,-0.000000000,-0.000000000,1
125,1,2,1.25,1.25,0,1.76777,1.76777,0,-0.000000000,-0.000000000,-0.000000000,-0.000000000,1
126,1,2,1.26,1.26,0,1.78191,1.78191,0,-0.000000000,-0.000000000,-0.000000000,-0.000000000,1
127,1,2,1.27,1.27,0,1.79605,1.79605,0,-0.000000000,-0.000000000,-0.000000000,-0.000000000,1
128,1,2,1.28,1.28,0,1.81019,1.81019,0,-0.000000000,-0.000000000,-0.000000000,-0.000000000,1
129,1,2,1.29,1.29,0,1.82434,1.82434,0,-0.000000000,-0.000000000,-0.000000000,-0.000000000,1
130,1,2,1.3,1.3,0,1.83848,1.83848,0,-0.000000000,-0.000000000,-0.000000000,-0.000000000,1
131,1,2,1.31,1.31,0,1.85262,1.85262,0,-0.000000000,-0.000000000,-0.000000000,-0.000000000,1
132,1,2,1.32,1.32,0,1.86676,1.86676,0,-0.000000000,-0.000000000,-0.000000000,-0.000000000,1
133,1,2,1.33,1.33,0,1.8809,1.8809,0,-0.000000000,-0.000000000,-0.000000000,-0.000000000,1
134,1,2,1.34,1.34,0,1.89505,1.89505,0,-0.00000000,-0.00000000,-0.000000000,-0.000000000,1
135,1,2,1.35,1.35,0,1.90919,1.90919,0,-0.000000000,-0.000000000,-0.000000000,-0.000000000,1
136,1,2,1.36,1.36,0,1.92333,1.92333,0,-0.000000000,-0.000000000,-0.000000000,-0.000000000,1
137,1,2,1.37,1.37,0,1.93747,1.93747,0,-0.000000000,-0.000000000,-0.000000000,-0.000000000,1
138,1,2,1.38,1.38,0,1.95161,1.95161,0,-0.000000000,-0.000000000,-0.000000000,-0.000000000,1
139,1,2,1.39,1.39,0,1.96576,1.96576,0,0.000000000,0.000000000,0.000000000,0.000000000,1
140,1,2,1.4,1.4,0,1.9799,1.9799,0,0.000000000,0.000000000,0.000000000,0.000000000,1
141,1,2,1.41,1.41,0,1.99404,1.99404,0,0.000000000,0.000000000,0.000000000,0.000000000,1
142,1,2,1.42,1.42,0,2.00818,2.00818,0,0.000000000,0.000000000,0.000000000,0.000000000,1
143,1,2,1.43,1.43,0,2.02233,2.02233,0,0.000000000,0.000000000,0.000000000,0.000000000,1
144,1,2,1.44,1.44,0,2.03647,2.03647,0,0.000000000,0.000000000,0.000000000,0.000000000,1
145,1,2,1.45,1.45,0,2.05061,2.05061,0,-0.000000000,-0.000000000,0.000000000,0.000000000,1
146,1,2,1.46,1.46,0,2.06475,2.06475,0,-0.00000000,-0.00000000,0.000000000,0.000000000,1
147,1,2,1.47,1.47,0,2.07889,2.07889,0,-0.000000000,-0.000000000,0.000000000,0.000000000,1
148,1,2,1.48,1.48,0,2.09304,2.09304,0,-0.000000000,-0.000000000,0.000000000,0.000000000,1
149,1,2,1.49,1.49,0,2.10718,2.10718,0,-0.000000000,-0.000000000,0.000000000,0.000000000,1
150,1,2,1.5,1.5,0,2.12132,2.12132,0,-0.000000000,-0.000000000,0.000000000,0.000000000,1
151,1,2,1.51,1.51,0,2.13546,2.13546,0,-0.000000000,-0.000000000,-0.000000000,-0.000000000,1
152,1,2,1.52,1.52,0,2.1496,2.1496,0,-0.000000000,-0.000000000,-0.000000000,-0.000000000,1
153,1,2,1.53,1.53,0,2.16375,2.16375,0,-0.000000000,-0.000000000,-0.000000000,-0.000000000,1
154,1,2,1.54,1.54,0,2.17789,2.17789,0,-0.000000000,-0.000000000,-0.000000000,-0.000000000,1
155,1,2,1.55,1.55,0,2.19203,2.19203,0,-0.000000000,-0.000000000,-0.000000000,-0.000000000,1
156,1,2,1.56,1.56,0,2.20617,2.20617,0,-0.000000000,-0.000000000,-0.000000000,-0.000000000,1
157,1,2,1.57,1.57,0,2.22032,2.22032,0,-0.000000000,-0.000000000,-0.00000000,-0.00000000,1
158,1,2,1.58,1.58,0,2.23446,2.23446,0,-0.000000000,-0.000000000,-0.000000000,-0.000000000,1
159,1,2,1.59,1.59,0,2.2486,2.2486,0,-0.000000000,-0.000000000,-0.000000000,-0.000000000,1
160,1,2,1.6,1.6,0,2.26274,2.26274,0,-0.000000000,-0.000000000,-0.000000000,-0.000000000,1
161,1,2,1.61,1.61,0,2.27688,2.27688,0,0.000000000,0.000000000,-0.000000000,-0.000000000,1
162,1,2,1.62,1.62,0,2.29103,2.29103,0,0.000000000,0.000000000,-0.000000000,-0.000000000,1
163,1,2,1.63,1.63,0,2.30517,2.30517,0,0.000000000,0.000000000,-0.000000000,-0.000000000,1
164,1,2,1.64,1.64,0,2.31931,2.31931,0,0.000000000,0.000000000,-0.000000000,-0.000000000,1
165,1,2,1.65,1.65,0,2.33345,2.33345,0,0.000000000,0.000000000,-0.000000000,-0.000000000,1
166,1,2,1.66,1.66,0,2.34759,2.34759,0,0.000000000,0.000000000,-0.000000000,-0.000000000,1
167,1,2,1.67,1.67,0,2.36174,2.36174,0,0.000000000,0.000000000,-0.000000000,-0.000000000,1
168,1,2,1.68,1.68,0,2.37588,2.37588,0,0.000000000,0.000000000,-0.000000000,-0.000000000,1
169,1,2,1.69,1.69,0,2.39002,2.39002,0,0.000000000,0.000000000,-0.00000000,-0.00000000,1
170,1,2,1.7,1.7,0,2.40416,2.40416,0,0.000000000,0.000000000,0.000000000,0.000000000,1
171,1,2,1.71,1.71,0,2.41831,2.41831,0,0.000000000,0.000000000,0.000000000,0.000000000,1
172,1,2,1.72,1.72,0,2.43245,2.43245,0,0.000000000,0.000000000,0.00000000,0.00000000,1
173,1,2,1.73,1.73,0,2.44659,2.44659,0,0.000000000,0.000000000,-0.00000000,-0.00000000,1
174,1,2,1.74,1.74,0,2.46073,2.46073,0,0.000000000,0.000000000,-0.00000000,-0.00000000,1
175,1,2,1.75,1.75,0,2.47487,2.47487,0,0.000000000,0.000000000,-0.000000000,-0.000000000,1
176,1,2,1.76,1.76,0,2.48902,2.48902,0,0.000000000,0.000000000,-0.000000000,-0.000000000,1
177,1,2,1.77,1.77,0,2.50316,2.50316,0,0.000000000,0.000000000,-0.000000000,-0.000000000,1
178,1,2,1.78,1.78,0,2.5173,2.5173,0,0.000000000,0.000000000,-0.000000000,-0.000000000,1
179,1,2,1.79,1.79,0,2.53144,2.53144,0,0.000000000,0.000000000,-0.000000000,-0.000000000,1
180,1,2,1.8,1.8,0,2.54558,2.54558,0,0.000000000,0.000000000,-0.000000000,-0.000000000,1
181,1,2,1.81,1.81,0,2.55973,2.55973,0,0.000000000,0.000000000,-0.000000000,-0.000000000,1
182,1,2,1.82,1.82,0,2.57387,2.57387,0,-0.00000000,-0.00000000,-0.000000000,-0.000000000,1
183,1,2,1.83,1.83,0,2.58801,2.58801,0,-0.000000000,-0.000000000,-0.000000000,-0.000000000,1
184,1,2,1.84,1.84,0,2.60215,2.60215,0,-0.000000000,-0.000000000,-0.000000000,-0.000000000,1
185,1,2,1.85,1.85,0,2.6163,2.6163,0,-0.000000000,-0.000000000,0.000000000,0.000000000,1
186,1,2,1.86,1.86,0,2.63044,2.63044,0,-0.000000000,-0.000000000,0.000000000,0.000000000,1
187,1,2,1.87,1.87,0,2.64458,2.64458,0,0.000000000,0.000000000,0.000000000,0.000000000,1
188,1,2,1.88,1.88,0,2.65872,2.65872,0,0.000000000,0.000000000,0.000000000,0.000000000,1
189,1,2,1.89,1.89,0,2.67286,2.67286,0,0.000000000,0.000000000,0.000000000,0.000000000,1
190,1,2,1.9,1.9,0,2.68701,2.68701,0,0.000000000,0.000000000,0.000000000,0.000000000,1
191,1,2,1.91,1.91,0,2.70115,2.70115,0,0.000000000,0.000000000,0.000000000,0.000000000,1
192,1,2,1.92,1.92,0,2.71529,2.71529,0,0.0000000,0.0000000,0.000000000,0.000000000,1
193,1,2,1.93,1.93,0,2.72943,2.72943,0,0.000000000,0.000000000,0.000000000,0.000000000,1
194,1,2,1.94,1.94,0,2.74357,2.74357,0,0.000000000,0.000000000,0.000000000,0.000000000,1
195,1,2,1.95,1.95,0,2.75772,2.75772,0,0.000000000,0.000000000,0.000000000,0.000000000,1
196,1,2,1.96,1.96,0,2.77186,2.77186,0,0.000000000,0.000000000,0.000000000,0.000000000,1
197,1,2,1.97,1.97,0,2.786,2.786,0,0.000000000,0.000000000,0.000000000,0.000000000,1
198,1,2,1.98,1.98,0,2.80014,2.80014,0,0.000000000,0.000000000,0.000000000,0.000000000,1
199,1,2,1.99,1.99,0,2.81429,2.81429,0,0.000000000,0.000000000,0.000000000,0.000000000,1
200,1,2,2,2,0,2.82843,2.82843,0,0.000000000,0.000000000,-0.000000000,-0.000000000,1
201,1,2,2.01,2.01,0,2.84257,2.84257,0,0.000000000,0.000000000,0.000000000,0.000000000,1
202,1,2,2.02,2.02,0,2.85671,2.85671,0,0.000000000,0.000000000,0.000000000,0.000000000,1
203,1,2,2.03,2.03,0,2.87085,2.87085,0,0.000000000,0.000000000,0.000000000,0.000000000,1
204,1,2,2.04,2.04,0,2.885,2.885,0,0.000000000,0.000000000,0.000000000,0.000000000,1
205,1,2,2.05,2.05,0,2.89914,2.89914,0,0.000000000,0.000000000,0.000000000,0.000000000,1
206,1,2,2.06,2.06,0,2.91328,2.91328,0,0.000000000,0.000000000,0.000000000,0.000000000,1
207,1,2,2.07,2.07,0,2.92742,2.92742,0,0.000000000,0.000000000,0.000000000,0.000000000,1
208,1,2,2.08,2.08,0,2.94156,2.94156,0,0.000000000,0.000000000,0.000000000,0.000000000,1
209,1,2,2.09,2.09,0,2.95571,2.95571,0,0.000000000,0.000000000,-0.000000000,-0.000000000,1
210,1,2,2.1,2.1,0,2.96985,2.96985,0,0.000000000,0.000000000,-0.000000000,-0.000000000,1
211,1,2,2.11,2.11,0,2.98399,2.98399,0,-0.000000000,-0.000000000,-0.000000000,-0.000000000,1
212,1,2,2.12,2.12,0,2.99813,2.99813,0,-0.000000000,-0.000000000,-0.000000000,-0.000000000,1
213,1,2,2.13,2.13,0,3.01227,3.01227,0,-0.000000000,-0.000000000,-0.000000000,-0.000000000,1
214,1,2,2.14,2.14,0,3.02642,3.02642,0,-0.000000000,-0.000000000,-0.000000000,-0.000000000,1
215,1,2,2.15,2.15,0,3.04056,3.04056,0,-0.000000000,-0.000000000,-0.000000000,-0.000000000,1
216,1,2,2.16,2.16,0,3.0547,3.0547,0,-0.000000000,-0.000000000,-0.000000000,-0.000000000,1
217,1,2,2.17,2.17,0,3.06884,3.06884,0,-0.000000000,-0.000000000,-0.000000000,-0.000000000,1
218,1,2,2.18,2.18,0,3.08299,3.08299,0,-0.000000000,-0.000000000,-0.000000000,-0.000000000,1
219,1,2,2.19,2.19,0,3.09713,3.09713,0,-0.000000000,-0.000000000,-0.000000000,-0.000000000,1
220,1,2,2.2,2.2,0,3.11127,3.11127,0,-0.000000000,-0.000000000,-0.000000000,-0.000000000,1
221,1,2,2.21,2.21,0,3.12541,3.12541,0,-0.000000000,-0.000000000,0.000000000,0.000000000,1
222,1,2,2.22,2.22,0,3.13955,3.13955,0,-0.00000000,-0.00000000,0.000000000,0.000000000,1
223,1,2,2.23,2.23,0,3.1537,3.1537,0,-0.00000000,-0.00000000,0.000000000,0.000000000,1
224,1,2,2.24,2.24,0,3.16784,3.16784,0,-0.000000000,-0.000000000,0.000000000,0.000000000,1
225,1,2,2.25,2.25,0,3.18198,3.18198,0,-0.0000000,-0.0000000,0.00000000,0.00000000,1
226,1,2,2.26,2.26,0,3.19612,3.19612,0,-0.000000000,-0.000000000,0.000000000,0.000000000,1
227,1,2,2.27,2.27,0,3.21026,3.21026,0,-0.000000000,-0.000000000,0.00000000,0.00000000,1
228,1,2,2.28,2.28,0,3.22441,3.22441,0,-0.000000000,-0.000000000,0.000000000,0.000000000,1
229,1,2,2.29,2.29,0,3.23855,3.23855,0,-0.000000000,-0.000000000,0.000000000,0.000000000,1
230,1,2,2.3,2.3,0,3.25269,3.25269,0,-0.000000000,-0.000000000,-0.000000000,-0.000000000,1
231,1,2,2.31,2.31,0,3.26683,3.26683,0,-0.000000000,-0.000000000,-0.000000000,-0.000000000,1
232,1,2,2.32,2.32,0,3.28098,3.28098,0,-0.000000000,-0.000000000,-0.000000000,-0.000000000,1
233,1,2,2.33,2.33,0,3.29512,3.29512,0,-0.000000000,-0.000000000,-0.000000000,-0.000000000,1
234,1,2,2.34,2.34,0,3.30926,3.30926,0,0.000000000,0.000000000,-0.000000000,-0.000000000,1
235,1,2,2.35,2.35,0,3.3234,3.3234,0,0.000000000,0.000000000,0.000000000,0.000000000,1
236,1,2,2.36,2.36,0,3.33754,3.33754,0,0.000000000,0.000000000,0.000000000,0.000000000,1
237,1,2,2.37,2.37,0,3.35169,3.35169,0,0.000000000,0.000000000,0.000000000,0.000000000,1
238,1,2,2.38,2.38,0,3.36583,3.36583,0,0.00000000,0.00000000,0.000000000,0.000000000,1
239,1,2,2.39,2.39,0,3.37997,3.37997,0,0.000000000,0.000000000,0.000000000,0.000000000,1
240,1,2,2.4,2.4,0,3.39411,3.39411,0,0.000000000,0.000000000,0.000000000,0.000000000,1
241,1,2,2.41,2.41,0,3.40825,3.40825,0,0.000000000,0.000000000,0.000000000,0.000000000,1
242,1,2,2.42,2.42,0,3.4224,3.4224,0,0.0000000,0.0000000,0.000000000,0.000000000,1
243,1,2,2.43,2.43,0,3.43654,3.43654,0,0.000000000,0.000000000,0.0000000,0.0000000,1
244,1,2,2.44,2.44,0,3.45068,3.45068,0,0.000000000,0.000000000,0.000000000,0.000000000,1
245,1,2,2.45,2.45,0,3.46482,3.46482,0,0.000000000,0.000000000,0.000000000,0.000000000,1
246,1,2,2.46,2.46,0,3.47897,3.47897,0,0.00000000,0.00000000,0.000000000,0.000000000,1
247,1,2,2.47,2.47,0,3.49311,3.49311,0,-0.000000000,-0.000000000,0.00000000,0.00000000,1
248,1,2,2.48,2.48,0,3.50725,3.50725,0,-0.000000000,-0.000000000,0.000000000,0.000000000,1
249,1,2,2.49,2.49,0,3.52139,3.52139,0,-0.000000000,-0.000000000,0.000000000,0.000000000,1
250,1,2,2.5,2.5,0,3.53553,3.53553,0,-0.000000000,-0.000000000,0.000000000,0.000000000,1
251,1,2,2.51,2.51,0,3.54968,3.54968,0,-0.000000000,-0.000000000,0.00000000,0.00000000,1
252,1,2,2.52,2.52,0,3.56382,3.56382,0,-0.000000000,-0.000000000,0.000000000,0.000000000,1
253,1,2,2.53,2.53,0,3.57796,3.57796,0,-0.000000000,-0.000000000,0.00000000,0.00000000,1
254,1,2,2.54,2.54,0,3.5921,3.5921,0,-0.000000000,-0.000000000,0.000000000,0.000000000,1
255,1,2,2.55,2.55,0,3.60624,3.60624,0,-0.000000000,-0.000000000,-0.000000000,-0.000000000,1
256,1,2,2.56,2.56,0,3.62039,3.62039,0,-0.000000000,-0.000000000,-0.000000000,-0.000000000,1
257,1,2,2.57,2.57,0,3.63453,3.63453,0,-0.000000000,-0.000000000,-0.000000000,-0.000000000,1
258,1,2,2.58,2.58,0,3.64867,3.64867,0,-0.000000000,-0.000000000,-0.000000000,-0.000000000,1
259,1,2,2.59,2.59,0,3.66281,3.66281,0,-0.000000000,-0.000000000,-0.000000000,-0.000000000,1
260,1,2,2.6,2.6,0,3.67696,3.67696,0,0.000000000,0.000000000,-0.000000000,-0.000000000,1
261,1,2,2.61,2.61,0,3.6911,3.6911,0,0.00000000,0.00000000,0.000000000,0.000000000,1
262,1,2,2.62,2.62,0,3.70524,3.70524,0,0.00000000,0.00000000,0.000000000,0.000000000,1
263,1,2,2.63,2.63,0,3.71938,3.71938,0,0.00000000,0.00000000,0.000000000,0.000000000,1
264,1,2,2.64,2.64,0,3.73352,3.73352,0,0.000000000,0.000000000,0.000000000,0.000000000,1
265,1,2,2.65,2.65,0,3.74767,3.74767,0,0.000000000,0.000000000,0.000000000,0.000000000,1
266,1,2,2.66,2.66,0,3.76181,3.76181,0,0.000000000,0.000000000,-0.000000000,-0.000000000,1
267,1,2,2.67,2.67,0,3.77595,3.77595,0,-0.000000000,-0.000000000,-0.000000000,-0.000000000,1
268,1,2,2.68,2.68,0,3.79009,3.79009,0,-0.000000000,-0.000000000,-0.000000000,-0.000000000,1
269,1,2,2.69,2.69,0,3.80423,3.80423,0,-0.000000000,-0.000000000,-0.00000000,-0.00000000,1
270,1,2,2.7,2.7,0,3.81838,3.81838,0,-0.000000000,-0.000000000,-0.000000000,-0.000000000,1
271,1,2,2.71,2.71,0,3.83252,3.83252,0,-0.000000000,-0.000000000,-0.000000000,-0.000000000,1
272,1,2,2.72,2.72,0,3.84666,3.84666,0,-0.000000000,-0.000000000,-0.000000000,-0.000000000,1
273,1,2,2.73,2.73,0,3.8608,3.8608,0,-0.000000000,-0.000000000,-0.000000000,-0.000000000,1
274,1,2,2.74,2.74,0,3.87495,3.87495,0,-0.000000000,-0.000000000,-0.000000000,-0.000000000,1
275,1,2,2.75,2.75,0,3.88909,3.88909,0,-0.000000000,-0.000000000,-0.00000000,-0.00000000,1
276,1,2,2.76,2.76,0,3.90323,3.90323,0,-0.000000000,-0.000000000,-0.000000000,-0.000000000,1
277,1,2,2.77,2.77,0,3.91737,3.91737,0,-0.000000000,-0.000000000,-0.000000000,-0.000000000,1
278,1,2,2.78,2.78,0,3.93151,3.93151,0,-0.000000000,-0.000000000,-0.000000000,-0.000000000,1
279,1,2,2.79,2.79,0,3.94566,3.94566,0,0.000000000,0.000000000,-0.000000000,-0.000000000,1
280,1,2,2.8,2.8,0,3.9598,3.9598,0,0.000000000,0.000000000,0.000000000,0.000000000,1
281,1,2,2.81,2.81,0,3.97394,3.97394,0,0.000000000,0.000000000,0.000000000,0.000000000,1
282,1,2,2.82,2.82,0,3.98808,3.98808,0,-0.000000000,-0.000000000,0.000000000,0.000000000,1
283,1,2,2.83,2.83,0,4.00222,4.00222,0,-0.000000000,-0.000000000,0.000000000,0.000000000,1
284,1,2,2.84,2.84,0,4.01637,4.01637,0,-0.000000000,-0.000000000,0.000000000,0.000000000,1
285,1,2,2.85,2.85,0,4.03051,4.03051,0,-0.000000000,-0.000000000,0.000000000,0.000000000,1
286,1,2,2.86,2.86,0,4.04465,4.04465,0,-0.00000000,-0.00000000,0.000000000,0.000000000,1
287,1,2,2.87,2.87,0,4.05879,4.05879,0,-0.000000000,-0.000000000,0.00000000,0.00000000,1
288,1,2,2.88,2.88,0,4.07294,4.07294,0,-0.00000000,-0.00000000,0.000000000,0.000000000,1
289,1,2,2.89,2.89,0,4.08708,4.08708,0,0.00000000,0.00000000,-0.00000000,-0.00000000,1
290,1,2,2.9,2.9,0,4.10122,4.10122,0,0.000000000,0.000000000,-0.000000000,-0.000000000,1
291,1,2,2.91,2.91,0,4.11536,4.11536,0,0.000000000,0.000000000,-0.000000000,-0.000000000,1
292,1,2,2.92,2.92,0,4.1295,4.1295,0,0.000000000,0.000000000,-0.00000000,-0.00000000,1
293,1,2,2.93,2.93,0,4.14365,4.14365,0,0.00000000,0.00000000,-0.000000000,-0.000000000,1
294,1,2,2.94,2.94,0,4.15779,4.15779,0,0.00000000,0.00000000,-0.00000000,-0.00000000,1
295,1,2,2.95,2.95,0,4.17193,4.17193,0,0.000000000,0.000000000,-0.000000000,-0.000000000,1
296,1,2,2.96,2.96,0,4.18607,4.18607,0,0.000000000,0.000000000,-0.000000000,-0.000000000,1
297,1,2,2.97,2.97,0,4.20021,4.20021,0,0.000000000,0.000000000,-0.000000000,-0.000000000,1
298,1,2,2.98,2.98,0,4.21436,4.21436,0,0.000000000,0.000000000,-0.00000000,-0.00000000,1
299,1,2,2.99,2.99,0,4.2285,4.2285,0,0.0000000,0.0000000,-0.000000000,-0.000000000,1
300,1,2,3,3,0,4.24264,4.24264,0,0.00000000,0.00000000,-0.00000000,-0.00000000,1
301,1,2,3.01,3.01,0,4.25678,4.25678,0,0.000000000,0.000000000,-0.000000000,-0.000000000,1
302,1,2,3.02,3.02,0,4.27093,4.27093,0,0.000000000,0.000000000,-0.000000000,-0.000000000,1
303,1,2,3.03,3.03,0,4.28507,4.28507,0,0.000000000,0.000000000,-0.000000000,-0.000000000,1
304,1,2,3.04,3.04,0,4.29921,4.29921,0,0.000000000,0.000000000,0.000000000,0.000000000,1
305,1,2,3.05,3.05,0,4.31335,4.31335,0,0.00000000,0.00000000,0.000000000,0.000000000,1
306,1,2,3.06,3.06,0,4.32749,4.32749,0,0.000000000,0.000000000,0.000000000,0.000000000,1
307,1,2,3.07,3.07,0,4.34164,4.34164,0,0.000000000,0.000000000,0.000000000,0.000000000,1
308,1,2,3.08,3.08,0,4.35578,4.35578,0,0.000000000,0.000000000,0.000000000,0.000000000,1
309,1,2,3.09,3.09,0,4.36992,4.36992,0,0.000000000,0.000000000,0.000000000,0.000000000,1
310,1,2,3.1,3.1,0,4.38406,4.38406,0,0.00000000,0.00000000,0.000000000,0.000000000,1
311,1,2,3.11,3.11,0,4.3982,4.3982,0,-0.000000000,-0.000000000,0.000000000,0.000000000,1
312,1,2,3.12,3.12,0,4.41235,4.41235,0,-0.000000000,-0.000000000,0.000000000,0.000000000,1
313,1,2,3.13,3.13,0,4.42649,4.42649,0,-0.000000000,-0.000000000,0.000000000,0.000000000,1
314,1,2,3.14,3.14,0,4.44063,4.44063,0,-0.000000000,-0.000000000,0.000000000,0.000000000,1
315,1,2,3.15,3.15,0,4.45477,4.45477,0,-0.000000000,-0.000000000,-0.000000000,-0.000000000,1
316,1,2,3.16,3.16,0,4.46891,4.46891,0,-0.000000000,-0.000000000,-0.000000000,-0.000000000,1
317,1,2,3.17,3.17,0,4.48306,4.48306,0,0.000000000,0.000000000,-0.000000000,-0.000000000,1
318,1,2,3.18,3.18,0,4.4972,4.4972,0,0.000000000,0.000000000,-0.000000000,-0.000000000,1
319,1,2,3.19,3.19,0,4.51134,4.51134,0,0.000000000,0.000000000,-0.000000000,-0.000000000,1
320,1,2,3.2,3.2,0,4.52548,4.52548,0,0.000000000,0.000000000,-0.000000000,-0.000000000,1
321,1,2,3.21,3.21,0,4.53963,4.53963,0,0.000000000,0.000000000,-0.000000000,-0.000000000,1
322,1,2,3.22,3.22,0,4.55377,4.55377,0,-0.000000000,-0.000000000,-0.000000000,-0.000000000,1
323,1,2,3.23,3.23,0,4.56791,4.56791,0,-0.00000000,-0.00000000,-0.000000000,-0.000000000,1
324,1,2,3.24,3.24,0,4.58205,4.58205,0,-0.000000000,-0.000000000,-0.00000000,-0.00000000,1
325,1,2,3.25,3.25,0,4.59619,4.59619,0,-0.000000000,-0.000000000,-0.000000000,-0.000000000,1
326,1,2,3.26,3.26,0,4.61034,4.61034,0,-0.000000000,-0.000000000,-0.00000000,-0.00000000,1
327,1,2,3.27,3.27,0,4.62448,4.62448,0,-0.00000000,-0.00000000,-0.000000000,-0.000000000,1
328,1,2,3.28,3.28,0,4.63862,4.63862,0,-0.000000000,-0.000000000,-0.000000000,-0.000000000,1
329,1,2,3.29,3.29,0,4.65276,4.65276,0,-0.000000000,-0.000000000,0.000000000,0.000000000,1
330,1,2,3.3,3.3,0,4.6669,4.6669,0,0.000000000,0.000000000,0.000000000,0.000000000,1
331,1,2,3.31,3.31,0,4.68105,4.68105,0,0.000000000,0.000000000,0.000000000,0.000000000,1
332,1,2,3.32,3.32,0,4.69519,4.69519,0,0.000000000,0.000000000,0.000000000,0.000000000,1
333,1,2,3.33,3.33,0,4.70933,4.70933,0,0.000000000,0.000000000,0.000000000,0.000000000,1
334,1,2,3.34,3.34,0,4.72347,4.72347,0,-0.000000000,-0.000000000,0.000000000,0.000000000,1
335,1,2,3.35,3.35,0,4.73762,4.73762,0,-0.000000000,-0.000000000,0.000000000,0.000000000,1
336,1,2,3.36,3.36,0,4.75176,4.75176,0,-0.000000000,-0.000000000,0.000000000,0.000000000,1
337,1,2,3.37,3.37,0,4.7659,4.7659,0,-0.000000000,-0.000000000,0.000000000,0.000000000,1
338,1,2,3.38,3.38,0,4.78004,4.78004,0,-0.00000000,-0.00000000,0.00000000,0.00000000,1
339,1,2,3.39,3.39,0,4.79418,4.79418,0,-0.000000000,-0.000000000,0.000000000,0.000000000,1
340,1,2,3.4,3.4,0,4.80833,4.80833,0,-0.000000000,-0.000000000,0.000000000,0.000000000,1
341,1,2,3.41,3.41,0,4.82247,4.82247,0,-0.000000000,-0.000000000,0.000000000,0.000000000,1
342,1,2,3.42,3.42,0,4.83661,4.83661,0,-0.000000000,-0.000000000,0.00000000,0.00000000,1
343,1,2,3.43,3.43,0,4.85075,4.85075,0,-0.000000000,-0.000000000,0.000000000,0.000000000,1
344,1,2,3.44,3.44,0,4.86489,4.86489,0,-0.000000000,-0.000000000,0.00000000,0.00000000,1
345,1,2,3.45,3.45,0,4.87904,4.87904,0,-0.000000000,-0.000000000,-0.000000000,-0.000000000,1
346,1,2,3.46,3.46,0,4.89318,4.89318,0,-0.000000000,-0.000000000,-0.000000000,-0.000000000,1
347,1,2,3.47,3.47,0,4.90732,4.90732,0,-0.000000000,-0.000000000,-0.000000000,-0.000000000,1
348,1,2,3.48,3.48,0,4.92146,4.92146,0,-0.000000000,-0.000000000,-0.000000000,-0.000000000,1
349,1,2,3.49,3.49,0,4.93561,4.93561,0,-0.000000000,-0.000000000,-0.000000000,-0.000000000,1
350,1,2,3.5,3.5,0,4.94975,4.94975,0,0.000000000,0.000000000,-0.000000000,-0.000000000,1
351,1,2,3.51,3.51,0,4.96389,4.96389,0,0.000000000,0.000000000,-0.000000000,-0.000000000,1
352,1,2,3.52,3.52,0,4.97803,4.97803,0,0.000000000,0.000000000,-0.000000000,-0.000000000,1
353,1,2,3.53,3.53,0,4.99217,4.99217,0,0.000000000,0.000000000,0.000000000,0.000000000,1
354,1,2,3.54,3.54,0,5.00632,5.00632,0,0.000000000,0.000000000,0.000000000,0.000000000,1
355,1,2,3.55,3.55,0,5.02046,5.02046,0,0.000000000,0.000000000,0.000000000,0.000000000,1
356,1,2,3.56,3.56,0,5.0346,5.0346,0,-0.000000000,-0.000000000,0.000000000,0.000000000,1
357,1,2,3.57,3.57,0,5.04874,5.04874,0,0.000000000,0.000000000,0.000000000,0.000000000,1
358,1,2,3.58,3.58,0,5.06288,5.06288,0,0.0000000,0.000000000,-0.000000000,-0.0000000,1
359,1,2,3.59,3.59,0,5.07703,5.07703,0,0.000000000,0.000000000,-0.000000000,-0.000000000,1
360,1,2,3.6,3.6,0,5.09117,5.09117,0,0.000000000,0.000000000,-0.00000000,-0.000000000,1
361,1,2,3.61,3.61,0,5.10531,5.10531,0,0.000000000,0.00000000,-0.000000000,-0.000000000,1
362,1,2,3.62,3.62,0,5.11945,5.11945,0,0.000000000,0.000000000,-0.000000000,-0.000000000,1
363,1,2,3.63,3.63,0,5.1336,5.1336,0,-0.00000000,-0.000000000,0.000000000,0.000000000,1
364,1,2,3.64,3.64,0,5.14774,5.14774,0,-0.000000000,-0.000000000,0.000000000,0.000000000,1
365,1,2,3.65,3.65,0,5.16188,5.16188,0,-0.000000000,-0.000000000,0.000000000,0.000000000,1
366,1,2,3.66,3.66,0,5.17602,5.17602,0,-0.000000000,-0.000000000,0.000000000,0.000000000,1
367,1,2,3.67,3.67,0,5.19016,5.19016,0,-0.00000000,-0.00000000,0.000000000,0.000000000,1
368,1,2,3.68,3.68,0,5.20431,5.20431,0,-0.000000000,-0.0000000,0.000000000,0.000000000,1
369,1,2,3.69,3.69,0,5.21845,5.21845,0,-0.000000000,-0.000000000,0.000000000,0.000000000,1
370,1,2,3.7,3.7,0,5.23259,5.23259,0,-0.000000000,-0.00000000,0.000000000,0.000000000,1
371,1,2,3.71,3.71,0,5.24673,5.24673,0,-0.000000000,-0.000000000,0.000000000,0.000000000,1
372,1,2,3.72,3.72,0,5.26087,5.26087,0,-0.000000000,-0.000000000,0.000000000,0.000000000,1
373,1,2,3.73,3.73,0,5.27502,5.27502,0,-0.000000000,-0.000000000,0.000000000,0.000000000,1
374,1,2,3.74,3.74,0,5.28916,5.28916,0,-0.000000000,-0.000000000,0.000000000,0.000000000,1
375,1,2,3.75,3.75,0,5.3033,5.3033,0,-0.000000000,-0.000000000,0.000000000,0.000000000,1
376,1,2,3.76,3.76,0,5.31744,5.31744,0,-0.000000000,-0.000000000,-0.000000000,-0.000000000,1
377,1,2,3.77,3.77,0,5.33158,5.33158,0,-0.00000000,-0.000000000,-0.000000000,-0.000000000,1
378,1,2,3.78,3.78,0,5.34573,5.34573,0,-0.000000000,-0.00000000,-0.000000000,-0.000000000,1
379,1,2,3.79,3.79,0,5.35987,5.35987,0,-0.00000000,-0.000000000,-0.000000000,-0.000000000,1
380,1,2,3.8,3.8,0,5.37401,5.37401,0,-0.000000000,-0.000000000,-0.000000000,-0.000000000,1
381,1,2,3.81,3.81,0,5.38815,5.38815,0,0.000000000,0.000000000,0.000000000,0.000000000,1
382,1,2,3.82,3.82,0,5.4023,5.4023,0,0.000000000,0.000000000,0.000000000,0.000000000,1
383,1,2,3.83,3.83,0,5.41644,5.41644,0,0.000000000,0.000000000,0.000000000,0.000000000,1
384,1,2,3.84,3.84,0,5.43058,5.43058,0,-0.000000000,-0.000000000,-0.000000000,-0.000000000,1
385,1,2,3.85,3.85,0,5.44472,5.44472,0,-0.000000000,-0.000000000,-0.000000000,-0.00000000,1
386,1,2,3.86,3.86,0,5.45886,5.45886,0,-0.000000000,-0.000000000,-0.000000000,-0.000000000,1
387,1,2,3.87,3.87,0,5.47301,5.47301,0,0.000000000,0.000000000,0.000000000,0.00000000,1
388,1,2,3.88,3.88,0,5.48715,5.48715,0,0.000000000,0.000000000,0.00000000,0.000000000,1
389,1,2,3.89,3.89,0,5.50129,5.50129,0,0.000000000,0.00000000,0.000000000,0.000000000,1
390,1,2,3.9,3.9,0,5.51543,5.51543,0,0.000000000,0.000000000,0.000000000,0.000000000,1
391,1,2,3.91,3.91,0,5.52958,5.52958,0,0.000000000,0.000000000,0.000000000,0.000000000,1
392,1,2,3.92,3.92,0,5.54372,5.54372,0,0.000000000,0.000000000,0.000000000,0.00000000,1
393,1,2,3.93,3.93,0,5.55786,5.55786,0,0.000000000,0.000000000,0.000000000,0.000000000,1
394,1,2,3.94,3.94,0,5.572,5.572,0,0.000000000,0.000000000,0.000000000,0.000000000,1
395,1,2,3.95,3.95,0,5.58614,5.58614,0,-0.000000000,-0.000000000,0.000000000,-0.000000000,1
396,1,2,3.96,3.96,0,5.60029,5.60029,0,-0.000000000,-0.000000000,-0.000000000,-0.000000000,1
397,1,2,3.97,3.97,0,5.61443,5.61443,0,-0.000000000,-0.00000000,-0.000000000,-0.000000000,1
398,1,2,3.98,3.98,0,5.62857,5.62857,0,0.000000000,0.000000000,0.000000000,0.000000000,1
399,1,2,3.99,3.99,0,5.64271,5.64271,0,0.000000000,0.000000000,0.000000000,0.000000000,1
400,1,2,4,4,0,5.65685,5.65685,0,0.000000000,0.000000000,0.000000000,0.000000000,1
401,1,2,4.01,4.01,0,5.671,5.671,0,0.000000000,0.000000000,0.000000000,0.000000000,1
402,1,2,4.02,4.02,0,5.68514,5.68514,0,0.000000000,0.000000000,0.000000000,0.000000000,1
403,1,2,4.03,4.03,0,5.69928,5.69928,0,0.000000000,0.000000000,0.000000000,0.000000000,1
404,1,2,4.04,4.04,0,5.71342,5.71342,0,0.000000000,0.00000000,0.000000000,0.000000000,1
405,1,2,4.05,4.05,0,5.72757,5.72757,0,-0.000000000,-0.000000000,-0.000000000,-0.000000000,1
406,1,2,4.06,4.06,0,5.74171,5.74171,0,-0.000000000,-0.000000000,-0.000000000,-0.000000000,1
407,1,2,4.07,4.07,0,5.75585,5.75585,0,-0.000000000,-0.000000000,-0.000000000,-0.000000000,1
408,1,2,4.08,4.08,0,5.76999,5.76999,0,-0.000000000,-0.000000000,-0.000000000,-0.000000000,1
409,1,2,4.09,4.09,0,5.78413,5.78413,0,-0.000000000,-0.000000000,-0.000000000,-0.000000000,1
410,1,2,4.1,4.1,0,5.79828,5.79828,0,0.000000000,0.000000000,0.000000000,0.000000000,1
411,1,2,4.11,4.11,0,5.81242,5.81242,0,0.000000000,0.000000000,0.000000000,0.000000000,1
412,1,2,4.12,4.12,0,5.82656,5.82656,0,0.000000000,0.000000000,0.000000000,0.000000000,1
413,1,2,4.13,4.13,0,5.8407,5.8407,0,-0.000000000,-0.000000000,-0.000000000,-0.000000000,1
414,1,2,4.14,4.14,0,5.85484,5.85484,0,-0.000000000,-0.00000000,-0.00000000,-0.000000000,1
415,1,2,4.15,4.15,0,5.86899,5.86899,0,-0.000000000,-0.000000001,-0.000000000,-0.000000000,1
416,1,2,4.16,4.16,0,5.88313,5.88313,0,-0.000000000,-0.000000001,-0.000000000,-0.000000001,1
417,1,2,4.17,4.17,0,5.89727,5.89727,0,-0.00000000,-0.000000001,-0.000000000,-0.000000001,1
418,1,2,4.18,4.18,0,5.91141,5.91141,0,-0.000000000,-0.000000001,-0.000000000,-0.000000001,1
419,1,2,4.19,4.19,0,5.92555,5.92555,0,-0.000000000,-0.000000001,-0.000000000,-0.000000001,1
420,1,2,4.2,4.2,0,5.9397,5.9397,0,-0.000000000,-0.000000000,-0.000000000,-0.000000000,1
421,1,2,4.21,4.21,0,5.95384,5.95384,0,0.00000000,0.00000000,-0.00000000,-0.000000000,1
422,1,2,4.22,4.22,0,5.96798,5.96798,0,0.000000000,0.000000001,0.000000000,0.000000000,1
423,1,2,4.23,4.23,0,5.98212,5.98212,0,0.000000001,0.000000001,0.000000000,0.000000001,1
424,1,2,4.24,4.24,0,5.99627,5.99627,0,0.000000001,0.000000001,0.00000000,0.000000001,1
425,1,2,4.25,4.25,0,6.01041,6.01041,0,0.000000000,0.000000001,0.000000001,0.000000001,1
426,1,2,4.26,4.26,0,6.02455,6.02455,0,-0.000000000,-0.000000000,0.000000000,0.000000001,1
427,1,2,4.27,4.27,0,6.03869,6.03869,0,-0.000000001,-0.000000003,-0.000000000,-0.00000000,1
428,1,2,4.28,4.28,0,6.05283,6.05283,0,-0.000000003,-0.000000007,-0.000000002,-0.000000003,1
429,1,2,4.29,4.29,0,6.06698,6.06698,0,-0.000000030,-0.000000060,-0.000000019,-0.000000038,1
430,1,2,4.3,4.3,0,6.08112,6.08112,0,-0.000000045,-0.000000092,-0.000000028,-0.00000006,1
431,1,2,4.31,4.31,0,6.09526,6.09526,0,-0.000000161,-0.000000325,-0.000000068,-0.000000138,1
432,1,2,4.32,4.32,0,6.1094,6.1094,0,-0.00000012,-0.000000227,-0.000000025,-0.000000051,1
433,1,2,4.33,4.33,0,6.12354,6.12354,0,0.000000012,0.000000035,0.000000031,0.000000061,1
434,1,2,4.34,4.34,0,6.13769,6.13769,0,0.000000180,0.000000364,0.00000008,0.000000164,1
435,1,2,4.35,4.35,0,6.15183,6.15183,0,0.000000334,0.000000662,0.000000112,0.000000224,1
436,1,2,4.36,4.36,0,6.16597,6.16597,0,0.000000421,0.000000828,0.000000104,0.000000209,1
437,1,2,4.37,4.37,0,6.18011,6.18011,0,0.000000386,0.000000755,0.000000045,0.000000086,1
438,1,2,4.38,4.38,0,6.19426,6.19426,0,0.000000173,0.000000334,-0.000000080,-0.000000171,1
439,1,2,4.39,4.39,0,6.2084,6.2084,0,-0.000000279,-0.00000055,-0.00000028,-0.000000585,1
440,1,2,4.4,4.4,0,6.22254,6.22254,0,-0.000001037,-0.000002026,-0.00000056,-0.000001168,1
441,1,2.00001,4.41,4.41,0,6.23668,6.23668,0,-0.00000217,-0.000004218,-0.000000919,-0.00000190,1
442,1,2,4.42,4.42,0,6.25082,6.25082,0,-0.000001296,-0.000002542,-0.000000491,-0.000000972,1
443,0.999998,1.99999,4.43,4.43,0,6.26497,6.26497,0,0.000002808,0.000005472,0.000001555,0.000003152,1
444,0.999994,1.99998,4.44,4.44,0,6.27911,6.27911,0,0.000007306,0.00001448,0.000003523,0.000007084,1
445,0.999992,1.99998,4.45,4.45,0,6.29325,6.29325,0,0.000008912,0.000017810,0.000004253,0.000008542,1
446,0.999996,1.99999,4.46,4.46,0,6.30739,6.30739,0,0.000004877,0.000009870,0.000003268,0.000006559,1
447,1.00001,2.00002,4.47,4.47,0,6.32153,6.32153,0,-0.000006282,-0.000012408,0.000000487,0.000000944,1
448,1.00002,2.00006,4.48,4.48,0,6.33568,6.33568,0,-0.000024354,-0.000048730,-0.000003904,-0.00000795,1
449,1.00004,2.00012,4.49,4.49,0,6.34982,6.34982,0,-0.000047219,-0.000095022,-0.000009490,-0.000019287,1
450,1.00006,2.00017,4.5,4.5,0,6.36396,6.36396,0,-0.000070764,-0.000143291,-0.000015617,-0.000031710,1
451,1.00007,2.00022,4.51,4.51,0,6.3781,6.3781,0,-0.000088862,-0.000181617,-0.000021347,-0.00004325,1
452,1.00002,2.00006,4.52,4.52,0,6.39225,6.39225,0,0.00002345,0.000040687,-0.000026090,-0.000053121,1
453,0.99989,1.99966,4.53,4.53,0,6.40639,6.40639,0,0.000117758,0.000244467,-0.000008898,-0.000022845,1
454,0.99977,1.9993,4.54,4.54,0,6.42053,6.42053,0,0.000254475,0.00052544,-0.000009781,-0.000023603,1
455,0.999672,1.999,4.55,4.55,0,6.43467,6.43467,0,0.000390061,0.000796814,-0.000026671,-0.000053955,1
456,0.999605,1.9988,4.56,4.56,0,6.44881,6.44881,0,0.000495804,0.00100285,-0.000054292,-0.000105485,1
457,0.999575,1.99872,4.57,4.57,0,6.46296,6.46296,0,0.000546221,0.00109408,-0.000081286,-0.000156736,1
458,0.9996,1.9988,4.58,4.58,0,6.4771,6.4771,0,0.000513899,0.00101603,-0.000092109,-0.000177005,1
459,0.999704,1.99914,4.59,4.59,0,6.49124,6.49124,0,0.000367321,0.000704472,-0.000070951,-0.000134335,1
460,0.999923,1.99983,4.6,4.6,0,6.50538,6.50538,0,0.00007128,0.000086565,-0.000007377,-0.000007070,1
461,1.0003,2.00102,4.61,4.61,0,6.51952,6.51952,0,-0.000410581,-0.000913394,0.000096565,0.000201552,1
462,1.00089,2.00287,4.62,4.62,0,6.53367,6.53367,0,-0.00111106,-0.00236345,0.000217953,0.000446155,1
463,1.00173,2.00552,4.63,4.63,0,6.54781,6.54781,0,-0.00205342,-0.00431048,0.000303605,0.000619908,1
464,1.00302,2.00931,4.64,4.64,0,6.56195,6.56195,0,-0.00297133,-0.00600489,0.000218878,0.000434012,1
465,1.00287,2.00826,4.65,4.65,0,6.57609,6.57609,0,-0.00307026,-0.00593177,0.000076213,0.000162103,1
466,1.00175,2.00451,4.66,4.66,0,6.59023,6.59023,0,-0.00200029,-0.0035768,0.000189995,0.000411241,1
467,0.999496,1.99761,4.67,4.67,0,6.60438,6.60438,0,0.000559658,0.00160873,0.000385867,0.000808785,1
468,0.99595,1.98722,4.68,4.68,0,6.61852,6.61852,0,0.00477756,0.00987625,0.000571242,0.00117042,1
469,0.991013,1.97314,4.69,4.69,0,6.63266,6.63266,0,0.0107617,0.0213687,0.000675298,0.00136408,1
470,0.984622,1.95526,4.7,4.7,0,6.6468,6.6468,0,0.0185766,0.036149,0.000664467,0.00133137,1
471,0.976741,1.93354,4.71,4.71,0,6.66095,6.66095,0,0.0282531,0.0542136,0.000545417,0.00108867,1
472,0.967364,1.90807,4.72,4.72,0,6.67509,6.67509,0,0.0397849,0.075478,0.000358596,0.000712917,1
473,0.956516,1.879,4.73,4.73,0,6.68923,6.68923,0,0.0531271,0.0997642,0.000164973,0.000316455,1
474,0.944254,1.84665,4.74,4.74,0,6.70337,6.70337,0,0.0681817,0.126763,0.000028273,0.000014819,1
475,0.930671,1.81141,4.75,4.75,0,6.71751,6.71751,0,0.0847915,0.15601,-0.000005753,-0.000110126,1
476,0.915904,1.77388,4.76,4.76,0,6.73166,6.73166,0,0.102721,0.18684,0.000068587,-0.000048900,1
477,0.898825,1.7298,4.77,4.77,0,6.7458,6.7458,0,0.123826,0.223617,0.000510853,0.00128312,1
478,0.892255,1.7169,4.78,4.78,0,6.75994,6.75994,0,0.131486,0.233887,-0.000939671,-0.00161039,1
479,0.886043,1.70341,4.79,4.79,0,6.77408,6.77408,0,0.138374,0.244002,-0.000581215,-0.000739545,1
480,0.883363,1.69677,4.8,4.8,0,6.78823,6.78823,0,0.14166,0.249468,0.000434085,0.00120227,1
481,0.884308,1.69822,4.81,4.81,0,6.80237,6.80237,0,0.140808,0.2487,0.00111885,0.00219265,1
482,0.888476,1.70787,4.82,4.82,0,6.81651,6.81651,0,0.135975,0.241262,0.000202425,-0.000160943,1
483,0.892698,1.71708,4.83,4.83,0,6.83065,6.83065,0,0.130787,0.234008,-0.000467492,-0.00137117,1
484,0.89448,1.71901,4.84,4.84,0,6.84479,6.84479,0,0.128719,0.232102,0.000526125,0.00172836,1
485,0.894658,1.71883,4.85,4.85,0,6.85894,6.85894,0,0.1287,0.232347,0.000157174,0.00106136,1
486,0.892689,1.71668,4.86,4.86,0,6.87308,6.87308,0,0.130838,0.233711,-0.000128015,-0.000056337,1
487,0.888236,1.71254,4.87,4.87,0,6.88722,6.88722,0,0.135325,0.235585,0.000033661,-0.000042736,1
488,0.88361,1.71527,4.88,4.88,0,6.90136,6.90136,0,0.139115,0.230005,0.000085565,0.000085621,1
489,0.87843,1.7262,4.89,4.89,0,6.9155,6.9155,0,0.141594,0.215627,0.000019365,-0.000060189,1
490,0.873763,1.73537,4.9,4.9,0,6.92965,6.92965,0,0.144509,0.203927,0.000116088,0.000287647,1
491,0.870269,1.74217,4.91,4.91,0,6.94379,6.94379,0,0.147021,0.195629,0.000141256,0.000554644,1
492,0.868539,1.74545,4.92,4.92,0,6.95793,6.95793,0,0.14834,0.191678,0.000075262,0.000539049,1
493,0.868999,1.74324,4.93,4.93,0,6.97207,6.97207,0,0.148069,0.193999,0.000058813,0.000294986,1
494,0.871053,1.73688,4.94,4.94,0,6.98622,6.98622,0,0.146403,0.20134,0.000180105,-0.000092625,1
495,0.872135,1.73551,4.95,4.95,0,7.00036,7.00036,0,0.14589,0.203165,-0.000125749,-0.000273971,1
496,0.872574,1.73613,4.96,4.96,0,7.0145,7.0145,0,0.145903,0.202455,-0.000163136,-0.000256201,1
497,0.872343,1.73784,4.97,4.97,0,7.02864,7.02864,0,0.146272,0.200433,-0.000013077,-0.000075550,1
498,0.871592,1.73966,4.98,4.98,0,7.04278,7.04278,0,0.146792,0.198482,0.000123196,0.000114225,1
499,0.870682,1.74063,4.99,4.99,0,7.05693,7.05693,0,0.147167,0.197935,0.000090205,0.000169102,1
500,0.870046,1.73971,5,5,0,7.07107,7.07107,0,0.147041,0.200085,0.000016130,0.000038639,1
501,0.870876,1.73781,5.01,5.01,0,7.08521,7.08521,0,0.146654,0.201661,-0.000027435,0.000148686,1
502,0.871371,1.73701,5.02,5.02,0,7.09935,7.09935,0,0.146918,0.200898,0.000017017,0.000256928,1
503,0.871465,1.73746,5.03,5.03,0,7.11349,7.11349,0,0.14723,0.199724,0.000263373,0.000161589,1
504,0.871215,1.73861,5.04,5.04,0,7.12764,7.12764,0,0.147399,0.198855,0.000358387,0.000007825,1
505,0.870621,1.73956,5.05,5.05,0,7.14178,7.14178,0,0.147258,0.198854,0.000152888,0.000173966,1
506,0.869726,1.73912,5.06,5.06,0,7.15592,7.15592,0,0.146732,0.200661,0.000029226,0.000999653,1
507,0.870977,1.73933,5.07,5.07,0,7.17006,7.17006,0,0.145619,0.201439,0.000159725,-0.000013230,1
508,0.871478,1.73857,5.08,5.08,0,7.1842,7.1842,0,0.14601,0.200161,0.000316411,-0.00005736,1
509,0.871077,1.73715,5.09,5.09,0,7.19835,7.19835,0,0.147006,0.198929,0.000850105,0.00124132,1
510,0.870911,1.73665,5.1,5.1,0,7.21249,7.21249,0,0.147976,0.197953,0.00119383,0.00205836,1
511,0.871993,1.73912,5.11,5.11,0,7.22663,7.22663,0,0.147389,0.196137,0.000648457,0.00120623,1
512,0.874071,1.74267,5.12,5.12,0,7.24077,7.24077,0,0.144288,0.193609,0.000439867,0.0011029,1
513,0.870815,1.74079,5.13,5.13,0,7.25492,7.25492,0,0.144652,0.200129,0.00251367,0.00466818,1
514,0.869657,1.74048,5.14,5.14,0,7.26906,7.26906,0,0.145502,0.203673,0.0036523,0.0057225,1
515,0.871677,1.74092,5.15,5.15,0,7.2832,7.2832,0,0.144812,0.198229,0.00263921,0.00413598,1
516,0.875328,1.74285,5.16,5.16,0,7.29734,7.29734,0,0.144063,0.189724,0.00159732,0.00350768,1
517,0.875983,1.7374,5.17,5.17,0,7.31148,7.31148,0,0.145228,0.188237,0.0032348,0.00312124,1
518,0.873083,1.73343,5.18,5.18,0,7.32563,7.32563,0,0.146048,0.189829,0.00512205,0.00284769,1
519,0.867145,1.73544,5.19,5.19,0,7.33977,7.33977,0,0.143749,0.197393,0.00463216,0.00674626,1
520,0.858392,1.73955,5.2,5.2,0,7.35391,7.35391,0,0.137117,0.209206,0.0024586,0.00812085,1
521,0.847238,1.74547,5.21,5.21,0,7.36805,7.36805,0,0.126722,0.222033,0.000061918,0.00634286,1
522,0.835059,1.75172,5.22,5.22,0,7.38219,7.38219,0,0.114537,0.23317,-0.00112091,0.00178507,1
523,0.822803,1.75294,5.23,5.23,0,7.39634,7.39634,0,0.103807,0.239894,-0.000675699,-0.00237763,1
524,0.828837,1.79045,5.24,5.24,0,7.41048,7.41048,0,0.113798,0.270953,0.00105464,0.00280355,1
525,0.829287,1.80395,5.25,5.25,0,7.42462,7.42462,0,0.116271,0.282663,0.000352338,0.0022489,1
526,0.827745,1.80229,5.26,5.26,0,7.43876,7.43876,0,0.114922,0.280946,-0.000149977,0.00105805,1
527,0.823756,1.78696,5.27,5.27,0,7.45291,7.45291,0,0.109414,0.26689,-0.000278513,0.000220596,1
528,0.817106,1.75932,5.28,5.28,0,7.46705,7.46705,0,0.099648,0.241538,-0.000072681,0.000048308,1
529,0.807818,1.72086,5.29,5.29,0,7.48119,7.48119,0,0.0858171,0.206134,0.000343486,0.000490106,1
530,0.796176,1.67348,5.3,5.3,0,7.49533,7.49533,0,0.0684648,0.162416,0.000841066,0.00134317,1
531,0.782783,1.61995,5.31,5.31,0,7.50947,7.50947,0,0.0485681,0.112964,0.00130373,0.00232987,1
532,0.768648,1.56444,5.32,5.32,0,7.52362,7.52362,0,0.0276226,0.0615611,0.00157457,0.0030196,1
533,0.755309,1.51322,5.33,5.33,0,7.53776,7.53776,0,0.00775108,0.0135979,0.0013288,0.00258622,1
534,0.744976,1.47535,5.34,5.34,0,7.5519,7.5519,0,-0.00819696,-0.0235522,-0.000123612,-0.00059179,1
535,0.740278,1.46895,5.35,5.35,0,7.56604,7.56604,0,-0.0141182,-0.0294073,-0.00411164,-0.0089305,1
536,0.744924,1.48461,5.36,5.36,0,7.58018,7.58018,0,-0.00720317,-0.0143258,-0.0026014,-0.00563167,1
537,0.74837,1.49613,5.37,5.37,0,7.59433,7.59433,0,-0.00203346,-0.00314596,-0.000985819,-0.00182703,1
538,0.750509,1.50197,5.38,5.38,0,7.60847,7.60847,0,0.000684886,0.0017384,0.000166764,0.000484725,1
539,0.750944,1.50292,5.39,5.39,0,7.62261,7.62261,0,0.00117083,0.0024153,0.00047263,0.000997501,1
540,0.750603,1.50174,5.4,5.4,0,7.63675,7.63675,0,0.000685063,0.00132776,0.000380487,0.000731845,1
541,0.750084,1.50016,5.41,5.41,0,7.6509,7.6509,0,0.000008102,-0.000038919,0.000174817,0.000292861,1
542,0.749712,1.49908,5.42,5.42,0,7.66504,7.66504,0,-0.000456286,-0.000939192,0.000008836,-0.000024815,1
543,0.749603,1.4988,5.43,5.43,0,7.67918,7.67918,0,-0.00057953,-0.00115731,-0.000062001,-0.000138793,1
544,0.749722,1.49917,5.44,5.44,0,7.69332,7.69332,0,-0.000413971,-0.000816694,-0.000047629,-0.000092543,1
545,0.74995,1.49985,5.45,5.45,0,7.70746,7.70746,0,-0.000109419,-0.000215908,0.000006602,0.000015761,1
546,0.750136,1.50039,5.46,5.46,0,7.72161,7.72161,0,0.000156191,0.000302778,0.000046230,0.000086748,1
547,0.750147,1.50044,5.47,5.47,0,7.73575,7.73575,0,0.00023029,0.000449383,0.000029539,0.000055066,1
548,0.750038,1.50012,5.48,5.48,0,7.74989,7.74989,0,0.000051907,0.00010437,0.000014617,0.000029466,1
549,0.750008,1.50002,5.49,5.49,0,7.76403,7.76403,0,0.000010260,0.000020518,0.000001788,0.00000469,1
550,0.749997,1.49999,5.5,5.5,0,7.77817,7.77817,0,-0.000004376,-0.000008561,-0.000003425,-0.000006696,1
551,0.749997,1.49999,5.51,5.51,0,7.79232,7.79232,0,-0.000004026,-0.000008018,-0.000002224,-0.000004481,1
552,0.749999,1.5,5.52,5.52,0,7.80646,7.80646,0,-0.000001208,-0.000002466,-0.000000599,-0.000001259,1
553,0.750001,1.5,5.53,5.53,0,7.8206,7.8206,0,0.000001088,0.000002106,0.000000532,0.000001036,1
554,0.750002,1.5,5.54,5.54,0,7.83474,7.83474,0,0.000001875,0.000003699,0.000000912,0.000001830,1
555,0.750001,1.5,5.55,5.55,0,7.84889,7.84889,0,0.000001405,0.000002789,0.000000699,0.000001418,1
556,0.75,1.5,5.56,5.56,0,7.86303,7.86303,0,0.00000047,0.000000939,0.00000025,0.00000051,1
557,0.75,1.5,5.57,5.57,0,7.87717,7.87717,0,-0.00000018,-0.0000003,-0.00000009,-0.000000193,1
558,0.75,1.5,5.58,5.58,0,7.89131,7.89131,0,-0.00000021,-0.000000416,-0.00000014,-0.000000295,1
559,0.75,1.5,5.59,5.59,0,7.90545,7.90545,0,0.000000136,0.000000275,0.000000042,0.000000076,1
560,0.75,1.5,5.6,5.6,0,7.9196,7.9196,0,0.000000281,0.000000554,0.000000132,0.000000263,1
561,0.75,1.5,5.61,5.61,0,7.93374,7.93374,0,0.000000035,0.000000068,0.000000009,0.000000018,1
562,0.75,1.5,5.62,5.62,0,7.94788,7.94788,0,0.000000001,0.000000001,-0.000000004,-0.000000007,1
563,0.75,1.5,5.63,5.63,0,7.96202,7.96202,0,-0.000000007,-0.000000014,-0.000000005,-0.000000009,1
564,0.75,1.5,5.64,5.64,0,7.97616,7.97616,0,-0.00000000,-0.000000008,-0.00000000,-0.000000004,1
565,0.75,1.5,5.65,5.65,0,7.99031,7.99031,0,0.000000000,0.000000000,0.000000001,0.000000001,1
566,0.75,1.5,5.66,5.66,0,8.00445,8.00445,0,0.000000002,0.000000005,0.00000000,0.000000004,1
567,0.75,1.5,5.67,5.67,0,8.01859,8.01859,0,0.000000002,0.000000005,0.000000002,0.000000003,1
568,0.75,1.5,5.68,5.68,0,8.03273,8.03273,0,0.000000001,0.000000002,0.000000001,0.000000001,1
569,0.75,1.5,5.69,5.69,0,8.04688,8.04688,0,-0.000000000,-0.00000000,-0.000000000,-0.000000000,1
570,0.75,1.5,5.7,5.7,0,8.06102,8.06102,0,-0.000000000,-0.000000001,-0.000000000,-0.000000001,1
571,0.75,1.5,5.71,5.71,0,8.07516,8.07516,0,-0.000000000,-0.000000000,0.000000000,0.000000000,1
572,0.75,1.5,5.72,5.72,0,8.0893,8.0893,0,0.000000000,0.00000000,0.000000000,0.000000000,1
573,0.75,1.5,5.73,5.73,0,8.10344,8.10344,0,0.000000000,0.000000000,0.000000000,0.000000000,1
574,0.75,1.5,5.74,5.74,0,8.11759,8.11759,0,0.000000000,0.000000000,0.0000000,0.000000000,1
575,0.75,1.5,5.75,5.75,0,8.13173,8.13173,0,-0.000000000,-0.000000000,-0.000000000,-0.00000000,1
576,0.75,1.5,5.76,5.76,0,8.14587,8.14587,0,-0.000000000,-0.000000000,-0.000000000,-0.000000000,1
577,0.75,1.5,5.77,5.77,0,8.16001,8.16001,0,0.000000000,0.000000000,0.000000000,0.000000000,1
578,0.75,1.5,5.78,5.78,0,8.17415,8.17415,0,0.000000000,0.000000000,0.000000000,0.000000000,1
579,0.75,1.5,5.79,5.79,0,8.1883,8.1883,0,0.000000000,0.000000000,0.000000000,0.000000000,1
580,0.75,1.5,5.8,5.8,0,8.20244,8.20244,0,-0.000000000,-0.000000000,-0.000000000,-0.000000000,1
581,0.75,1.5,5.81,5.81,0,8.21658,8.21658,0,-0.000000000,-0.000000000,-0.000000000,-0.000000000,1
582,0.75,1.5,5.82,5.82,0,8.23072,8.23072,0,0.000000000,0.000000000,0.000000000,0.000000000,1
583,0.75,1.5,5.83,5.83,0,8.24487,8.24487,0,0.00000000,0.000000000,0.000000000,0.000000000,1
584,0.75,1.5,5.84,5.84,0,8.25901,8.25901,0,0.000000000,0.000000000,0.000000000,0.00000000,1
585,0.75,1.5,5.85,5.85,0,8.27315,8.27315,0,-0.000000000,-0.000000000,0.000000000,0.000000000,1
586,0.75,1.5,5.86,5.86,0,8.28729,8.28729,0,-0.000000000,-0.000000000,0.000000000,0.000000000,1
587,0.75,1.5,5.87,5.87,0,8.30143,8.30143,0,-0.000000000,-0.000000000,0.000000000,0.000000000,1
588,0.75,1.5,5.88,5.88,0,8.31558,8.31558,0,-0.000000000,-0.00000000,0.000000000,0.000000000,1
589,nan,nan,5.89,5.89,0,8.32972,8.32972,nan,nan,nan,nan,nan,0
590,nan,nan,5.9,5.9,0,8.34386,8.34386,nan,nan,nan,nan,nan,0
591,nan,nan,5.91,5.91,0,8.358,8.358,nan,nan,nan,nan,nan,0
592,0.75,1.5,5.92,5.92,0,8.37214,8.37214,0,0.000000000,0.000000000,0.000000000,0.00000000,1
593,0.75,1.5,5.93,5.93,0,8.38629,8.38629,0,0.0000000,0.000000000,0.000000000,0.000000000,1
594,0.75,1.5,5.94,5.94,0,8.40043,8.40043,0,0.000000000,0.000000000,0.00000000,0.000000000,1
595,0.75,1.5,5.95,5.95,0,8.41457,8.41457,0,0.000000000,0.00000000,7.0000000000000005e-14,0.000000000,1
596,0.75,1.5,5.96,5.96,0,8.42871,8.42871,0,0.000000000,0.00000000,0.000000000,0.000000000,1
597,0.75,1.5,5.97,5.97,0,8.44285,8.44285,0,0.00000000,0.00000000,0.000000000,0.000000000,1
598,0.75,1.5,5.98,5.98,0,8.457,8.457,0,0.000000000,0.000000000,0.000000000,0.000000000,1
599,0.75,1.5,5.99,5.99,0,8.47114,8.47114,0,0.000000000,0.000000000,0.000000000,0.000000000,1
600,0.75,1.5,6,6,0,8.48528,8.48528,0,0.000000000,0.000000000,0.00000000,0.00000000,1
601,0.75,1.5,6.01,6.01,0,8.49942,8.49942,0,-0.000000000,0.000000000,-0.000000000,-0.00000000,1
602,0.75,1.5,6.02,6.02,0,8.51357,8.51357,0,-0.00000000,-0.000000000,0.00000000,-0.000000000,1
603,0.75,1.5,6.03,6.03,0,8.52771,8.52771,0,-0.000000000,-0.00000000,0.000000000,0.000000000,1
604,0.75,1.5,6.04,6.04,0,8.54185,8.54185,0,-0.000000000,-0.000000000,0.00000000,0.000000000,1
605,0.75,1.5,6.05,6.05,0,8.55599,8.55599,0,-0.000000000,-0.000000000,0.000000000,0.000000000,1
606,0.75,1.5,6.06,6.06,0,8.57013,8.57013,0,-0.000000000,-0.000000000,0.000000000,0.000000000,1
607,0.75,1.5,6.07,6.07,0,8.58428,8.58428,0,-0.000000000,-0.000000000,0.000000000,0.000000000,1
608,0.75,1.5,6.08,6.08,0,8.59842,8.59842,0,-0.00000000,-0.000000000,0.000000000,0.000000000,1
609,0.75,1.5,6.09,6.09,0,8.61256,8.61256,0,-0.000000000,-0.000000000,0.000000000,0.000000000,1
610,0.75,1.5,6.1,6.1,0,8.6267,8.6267,0,-0.000000000,-0.000000000,0.000000000,0.000000000,1
611,0.75,1.5,6.11,6.11,0,8.64085,8.64085,0,-0.000000000,-0.000000000,0.000000000,0.000000000,1
612,0.75,1.5,6.12,6.12,0,8.65499,8.65499,0,-0.000000000,-0.000000000,0.000000000,0.000000000,1
613,0.75,1.5,6.13,6.13,0,8.66913,8.66913,0,-0.000000000,-0.000000000,0.000000000,0.000000000,1
614,0.75,1.5,6.14,6.14,0,8.68327,8.68327,0,-0.000000000,-0.000000000,0.000000000,0.000000000,1
615,0.75,1.5,6.15,6.15,0,8.69741,8.69741,0,-0.000000000,-0.000000000,-0.000000000,-0.000000000,1
616,0.75,1.5,6.16,6.16,0,8.71156,8.71156,0,0.000000000,0.000000000,-0.000000000,-0.000000000,1
617,0.75,1.5,6.17,6.17,0,8.7257,8.7257,0,0.000000000,0.000000000,-0.000000000,-0.000000000,1
618,0.75,1.5,6.18,6.18,0,8.73984,8.73984,0,0.000000000,0.000000000,-0.000000000,-0.000000000,1
619,0.75,1.5,6.19,6.19,0,8.75398,8.75398,0,0.000000000,0.000000000,-0.000000000,-0.000000000,1
620,0.75,1.5,6.2,6.2,0,8.76812,8.76812,0,0.00000000,0.00000000,-0.00000000,-0.00000000,1
621,0.75,1.5,6.21,6.21,0,8.78227,8.78227,0,0.000000000,0.000000000,-0.000000000,-0.000000000,1
622,0.75,1.5,6.22,6.22,0,8.79641,8.79641,0,0.000000000,0.000000000,-0.000000000,-0.000000000,1
623,0.75,1.5,6.23,6.23,0,8.81055,8.81055,0,0.000000000,0.000000000,-0.00000000,-0.00000000,1
624,0.75,1.5,6.24,6.24,0,8.82469,8.82469,0,0.00000000,0.00000000,-0.000000000,-0.000000000,1
625,0.75,1.5,6.25,6.25,0,8.83883,8.83883,0,0.000000000,0.000000000,-0.000000000,-0.000000000,1
626,0.75,1.5,6.26,6.26,0,8.85298,8.85298,0,0.000000000,0.000000000,-0.000000000,-0.000000000,1
627,0.75,1.5,6.27,6.27,0,8.86712,8.86712,0,0.000000000,0.000000000,-0.000000000,-0.000000000,1
628,0.75,1.5,6.28,6.28,0,8.88126,8.88126,0,0.00000000,0.00000000,0.000000000,0.000000000,1
629,0.75,1.5,6.29,6.29,0,8.8954,8.8954,0,0.000000000,0.000000000,0.000000000,0.000000000,1
630,0.75,1.5,6.3,6.3,0,8.90955,8.90955,0,0.000000000,0.000000000,0.000000000,0.000000000,1
631,0.75,1.5,6.31,6.31,0,8.92369,8.92369,0,0.00000000,0.00000000,0.00000000,0.00000000,1
632,0.75,1.5,6.32,6.32,0,8.93783,8.93783,0,0.000000000,0.000000000,0.000000000,0.000000000,1
633,0.75,1.5,6.33,6.33,0,8.95197,8.95197,0,0.000000000,0.000000000,0.000000000,0.000000000,1
634,0.75,1.5,6.34,6.34,0,8.96611,8.96611,0,0.000000000,0.000000000,0.000000000,0.000000000,1
635,0.75,1.5,6.35,6.35,0,8.98026,8.98026,0,0.000000000,0.000000000,0.000000000,0.000000000,1
636,0.75,1.5,6.36,6.36,0,8.9944,8.9944,0,0.000000000,0.000000000,0.000000000,0.000000000,1
637,0.75,1.5,6.37,6.37,0,9.00854,9.00854,0,0.000000000,0.000000000,0.000000000,0.000000000,1
638,0.75,1.5,6.38,6.38,0,9.02268,9.02268,0,0.000000000,0.000000000,0.000000000,0.000000000,1
639,0.75,1.5,6.39,6.39,0,9.03682,9.03682,0,-0.000000000,-0.000000000,0.000000000,0.000000000,1
640,0.75,1.5,6.4,6.4,0,9.05097,9.05097,0,-0.000000000,-0.000000000,-0.000000000,-0.000000000,1
641,0.75,1.5,6.41,6.41,0,9.06511,9.06511,0,-0.000000000,-0.000000000,-0.000000000,-0.000000000,1
642,0.75,1.5,6.42,6.42,0,9.07925,9.07925,0,-0.000000000,-0.000000000,-0.000000000,-0.000000000,1
643,0.75,1.5,6.43,6.43,0,9.09339,9.09339,0,-0.000000000,-0.000000000,-0.000000000,-0.000000000,1
644,0.75,1.5,6.44,6.44,0,9.10754,9.10754,0,-0.000000000,-0.000000000,0.000000000,0.000000000,1
645,0.75,1.5,6.45,6.45,0,9.12168,9.12168,0,0.0000000,0.0000000,0.000000000,0.000000000,1
646,0.75,1.5,6.46,6.46,0,9.13582,9.13582,0,0.000000000,0.000000000,0.000000000,0.000000000,1
647,0.75,1.5,6.47,6.47,0,9.14996,9.14996,0,0.000000000,0.000000000,0.000000000,0.000000000,1
648,0.75,1.5,6.48,6.48,0,9.1641,9.1641,0,0.000000000,0.000000000,0.000000000,0.000000000,1
649,0.75,1.5,6.49,6.49,0,9.17825,9.17825,0,-0.000000000,-0.000000000,-0.000000000,-0.000000000,1
650,0.75,1.5,6.5,6.5,0,9.19239,9.19239,0,-0.000000000,-0.000000000,-0.000000000,-0.000000000,1
651,0.75,1.5,6.51,6.51,0,9.20653,9.20653,0,-0.000000000,-0.000000000,-0.000000000,-0.000000000,1
652,0.75,1.5,6.52,6.52,0,9.22067,9.22067,0,-0.000000000,-0.000000000,-0.000000000,-0.000000000,1
653,0.75,1.5,6.53,6.53,0,9.23481,9.23481,0,-0.00000000,-0.00000000,-0.000000000,-0.000000000,1
654,0.75,1.5,6.54,6.54,0,9.24896,9.24896,0,-0.000000000,-0.000000000,-0.000000000,-0.000000000,1
655,0.75,1.5,6.55,6.55,0,9.2631,9.2631,0,-0.000000000,-0.000000000,-0.000000000,-0.000000000,1
656,0.75,1.5,6.56,6.56,0,9.27724,9.27724,0,-0.000000000,-0.000000000,-0.000000000,-0.000000000,1
657,0.75,1.5,6.57,6.57,0,9.29138,9.29138,0,-0.000000000,-0.000000000,-0.000000000,-0.000000000,1
658,0.75,1.5,6.58,6.58,0,9.30552,9.30552,0,-0.000000000,-0.000000000,-0.000000000,-0.000000000,1
659,0.75,1.5,6.59,6.59,0,9.31967,9.31967,0,-0.000000000,-0.000000000,-0.000000000,-0.000000000,1
660,0.75,1.5,6.6,6.6,0,9.33381,9.33381,0,-0.00000000,-0.00000000,-0.000000000,-0.000000000,1
661,0.75,1.5,6.61,6.61,0,9.34795,9.34795,0,-0.000000000,-0.000000000,-0.000000000,-0.000000000,1
662,0.75,1.5,6.62,6.62,0,9.36209,9.36209,0,-0.00000000,-0.00000000,-0.000000000,-0.000000000,1
663,0.75,1.5,6.63,6.63,0,9.37624,9.37624,0,0.00000000,0.00000000,0.00000000,0.00000000,1
664,0.75,1.5,6.64,6.64,0,9.39038,9.39038,0,0.000000000,0.000000000,0.00000000,0.00000000,1
665,0.75,1.5,6.65,6.65,0,9.40452,9.40452,0,0.000000000,0.000000000,0.000000000,0.000000000,1
666,0.75,1.5,6.66,6.66,0,9.41866,9.41866,0,0.000000000,0.000000000,0.000000000,0.000000000,1
667,0.75,1.5,6.67,6.67,0,9.4328,9.4328,0,0.000000000,0.000000000,0.000000000,0.000000000,1
668,0.75,1.5,6.68,6.68,0,9.44695,9.44695,0,0.000000000,0.000000000,0.000000000,0.000000000,1
669,0.75,1.5,6.69,6.69,0,9.46109,9.46109,0,0.00000000,0.00000000,0.000000000,0.000000000,1
670,0.75,1.5,6.7,6.7,0,9.47523,9.47523,0,-0.000000000,-0.000000000,0.000000000,0.000000000,1
671,0.75,1.5,6.71,6.71,0,9.48937,9.48937,0,-0.000000000,-0.000000000,-0.000000000,-0.000000000,1
672,0.75,1.5,6.72,6.72,0,9.50352,9.50352,0,-0.000000000,-0.000000000,-0.0000000,-0.0000000,1
673,0.75,1.5,6.73,6.73,0,9.51766,9.51766,0,-0.000000000,-0.000000000,-0.000000000,-0.000000000,1
674,0.75,1.5,6.74,6.74,0,9.5318,9.5318,0,0.000000000,0.000000000,-0.000000000,-0.000000000,1
675,0.75,1.5,6.75,6.75,0,9.54594,9.54594,0,0.000000000,0.000000000,-0.000000000,-0.000000000,1
676,0.75,1.5,6.76,6.76,0,9.56008,9.56008,0,0.000000000,0.000000000,-0.00000000,-0.00000000,1
677,0.75,1.5,6.77,6.77,0,9.57423,9.57423,0,0.000000000,0.000000000,-0.000000000,-0.000000000,1
678,0.75,1.5,6.78,6.78,0,9.58837,9.58837,0,0.000000000,0.000000000,-0.000000000,-0.000000000,1
679,0.75,1.5,6.79,6.79,0,9.60251,9.60251,0,0.000000000,0.000000000,-0.000000000,-0.000000000,1
680,0.75,1.5,6.8,6.8,0,9.61665,9.61665,0,0.000000000,0.000000000,-0.000000000,-0.000000000,1
681,0.75,1.5,6.81,6.81,0,9.63079,9.63079,0,0.000000000,0.000000000,-0.000000000,-0.000000000,1
682,0.75,1.5,6.82,6.82,0,9.64494,9.64494,0,0.00000000,0.00000000,-0.000000000,-0.000000000,1
683,0.75,1.5,6.83,6.83,0,9.65908,9.65908,0,0.000000000,0.000000000,-0.000000000,-0.000000000,1
684,0.75,1.5,6.84,6.84,0,9.67322,9.67322,0,0.000000000,0.000000000,-0.000000000,-0.000000000,1
685,0.75,1.5,6.85,6.85,0,9.68736,9.68736,0,0.000000000,0.000000000,-0.000000000,-0.000000000,1
686,0.75,1.5,6.86,6.86,0,9.70151,9.70151,0,0.000000000,0.000000000,-0.000000000,-0.000000000,1
687,0.75,1.5,6.87,6.87,0,9.71565,9.71565,0,-0.00000000,-0.00000000,-0.000000000,-0.000000000,1
688,0.75,1.5,6.88,6.88,0,9.72979,9.72979,0,-0.000000000,-0.000000000,-0.000000000,-0.000000000,1
689,0.75,1.5,6.89,6.89,0,9.74393,9.74393,0,-0.000000000,-0.000000000,-0.000000000,-0.000000000,1
690,0.75,1.5,6.9,6.9,0,9.75807,9.75807,0,-0.000000000,-0.000000000,0.000000000,0.000000000,1
691,0.75,1.5,6.91,6.91,0,9.77222,9.77222,0,-0.000000000,-0.000000000,0.000000000,0.000000000,1
692,0.75,1.5,6.92,6.92,0,9.78636,9.78636,0,-0.000000000,-0.000000000,0.000000000,0.000000000,1
693,0.75,1.5,6.93,6.93,0,9.8005,9.8005,0,-0.000000000,-0.000000000,0.000000000,0.000000000,1
694,0.75,1.5,6.94,6.94,0,9.81464,9.81464,0,-0.000000000,-0.000000000,0.000000000,0.000000000,1
695,0.75,1.5,6.95,6.95,0,9.82878,9.82878,0,-0.000000000,-0.000000000,-0.000000000,-0.000000000,1
696,0.75,1.5,6.96,6.96,0,9.84293,9.84293,0,-0.000000000,-0.000000000,-0.000000000,-0.000000000,1
697,0.75,1.5,6.97,6.97,0,9.85707,9.85707,0,0.000000000,0.000000000,-0.000000000,-0.000000000,1
698,0.75,1.5,6.98,6.98,0,9.87121,9.87121,0,0.000000000,0.000000000,-0.000000000,-0.000000000,1
699,0.75,1.5,6.99,6.99,0,9.88535,9.88535,0,0.000000000,0.000000000,-0.000000000,-0.000000000,1
700,0.75,1.5,7,7,0,9.8995,9.8995,0,0.000000000,0.000000000,-0.000000000,-0.000000000,1
701,0.75,1.5,7.01,7.01,0,9.91364,9.91364,0,0.000000000,0.000000000,-0.000000000,-0.000000000,1
702,0.75,1.5,7.02,7.02,0,9.92778,9.92778,0,0.000000000,0.000000000,-0.000000000,-0.000000000,1
703,0.75,1.5,7.03,7.03,0,9.94192,9.94192,0,0.000000000,0.000000000,-0.000000000,-0.000000000,1
704,0.75,1.5,7.04,7.04,0,9.95606,9.95606,0,0.000000000,0.000000000,-0.000000000,-0.000000000,1
705,0.75,1.5,7.05,7.05,0,9.97021,9.97021,0,-0.000000000,-0.000000000,-0.000000000,-0.000000000,1
706,0.75,1.5,7.06,7.06,0,9.98435,9.98435,0,-0.000000000,-0.000000000,-0.000000000,-0.000000000,1
707,0.75,1.5,7.07,7.07,0,9.99849,9.99849,0,-0.000000000,-0.000000000,0.000000000,0.000000000,1
708,0.75,1.5,7.08,7.08,0,10.0126,10.0126,0,-0.000000000,-0.000000000,0.000000000,0.000000000,1
709,0.75,1.5,7.09,7.09,0,10.0268,10.0268,0,-0.000000000,-0.000000000,0.000000000,0.000000000,1
710,0.75,1.5,7.1,7.1,0,10.0409,10.0409,0,-0.000000000,-0.000000000,-0.000000000,-0.000000000,1
711,0.75,1.5,7.11,7.11,0,10.0551,10.0551,0,-0.000000000,-0.000000000,-0.000000000,-0.000000000,1
712,0.75,1.5,7.12,7.12,0,10.0692,10.0692,0,-0.000000000,-0.000000000,-0.000000000,-0.000000000,1
713,0.75,1.5,7.13,7.13,0,10.0833,10.0833,0,-0.000000000,-0.000000000,-0.000000000,-0.000000000,1
714,0.75,1.5,7.14,7.14,0,10.0975,10.0975,0,0.000000000,0.000000000,-0.000000000,-0.000000000,1
715,0.75,1.5,7.15,7.15,0,10.1116,10.1116,0,0.000000000,0.000000000,-0.000000000,-0.000000000,1
716,0.75,1.5,7.16,7.16,0,10.1258,10.1258,0,0.000000000,0.000000000,-0.000000000,-0.000000000,1
717,0.75,1.5,7.17,7.17,0,10.1399,10.1399,0,0.000000000,0.000000000,0.000000000,0.000000000,1
718,0.75,1.5,7.18,7.18,0,10.1541,10.1541,0,0.000000000,0.000000000,0.000000000,0.000000000,1
719,0.75,1.5,7.19,7.19,0,10.1682,10.1682,0,0.000000000,0.000000000,0.000000000,0.000000000,1
720,0.75,1.5,7.2,7.2,0,10.1823,10.1823,0,0.000000000,0.000000000,0.000000000,0.000000000,1
721,0.75,1.5,7.21,7.21,0,10.1965,10.1965,0,0.000000000,0.000000000,0.000000000,0.000000000,1
722,0.75,1.5,7.22,7.22,0,10.2106,10.2106,0,0.000000000,0.000000000,-0.000000000,-0.000000000,1
723,0.75,1.5,7.23,7.23,0,10.2248,10.2248,0,0.000000000,0.000000000,-0.000000000,-0.000000000,1
724,0.75,1.5,7.24,7.24,0,10.2389,10.2389,0,0.000000000,0.000000000,-0.00000000,-0.00000000,1
725,0.75,1.5,7.25,7.25,0,10.253,10.253,0,0.000000000,0.000000000,-0.000000000,-0.000000000,1
726,0.75,1.5,7.26,7.26,0,10.2672,10.2672,0,0.000000000,0.000000000,-0.000000000,-0.000000000,1
727,0.75,1.5,7.27,7.27,0,10.2813,10.2813,0,0.00000000,0.00000000,-0.000000000,-0.000000000,1
728,0.75,1.5,7.28,7.28,0,10.2955,10.2955,0,0.000000000,0.000000000,-0.000000000,-0.000000000,1
729,0.75,1.5,7.29,7.29,0,10.3096,10.3096,0,0.000000000,0.000000000,-0.000000000,-0.000000000,1
730,0.75,1.5,7.3,7.3,0,10.3238,10.3238,0,0.000000000,0.000000000,-0.000000000,-0.000000000,1
731,0.75,1.5,7.31,7.31,0,10.3379,10.3379,0,0.0000000,0.0000000,0.000000000,0.000000000,1
732,0.75,1.5,7.32,7.32,0,10.352,10.352,0,0.000000000,0.000000000,0.000000000,0.000000000,1
733,0.75,1.5,7.33,7.33,0,10.3662,10.3662,0,0.000000000,0.000000000,0.000000000,0.000000000,1
734,0.75,1.5,7.34,7.34,0,10.3803,10.3803,0,0.000000000,0.000000000,0.00000000,0.00000000,1
735,0.75,1.5,7.35,7.35,0,10.3945,10.3945,0,0.000000000,0.000000000,-0.000000000,-0.000000000,1
736,0.75,1.5,7.36,7.36,0,10.4086,10.4086,0,-0.000000000,-0.000000000,-0.000000000,-0.000000000,1
737,0.75,1.5,7.37,7.37,0,10.4228,10.4228,0,-0.000000000,-0.000000000,-0.000000000,-0.000000000,1
738,0.75,1.5,7.38,7.38,0,10.4369,10.4369,0,-0.000000000,-0.000000000,-0.000000000,-0.000000000,1
739,0.75,1.5,7.39,7.39,0,10.451,10.451,0,0.000000000,0.000000000,0.000000000,0.000000000,1
740,0.75,1.5,7.4,7.4,0,10.4652,10.4652,0,0.000000000,0.000000000,0.00000000,0.00000000,1
741,0.75,1.5,7.41,7.41,0,10.4793,10.4793,0,0.000000000,0.000000000,0.000000000,0.000000000,1
742,0.75,1.5,7.42,7.42,0,10.4935,10.4935,0,0.000000000,0.000000000,0.000000000,0.000000000,1
743,0.75,1.5,7.43,7.43,0,10.5076,10.5076,0,0.000000000,0.000000000,0.000000000,0.000000000,1
744,0.75,1.5,7.44,7.44,0,10.5217,10.5217,0,0.000000000,0.000000000,0.000000000,0.000000000,1
745,0.75,1.5,7.45,7.45,0,10.5359,10.5359,0,-0.00000000,-0.00000000,0.00000000,0.00000000,1
746,0.75,1.5,7.46,7.46,0,10.55,10.55,0,-0.000000000,-0.000000000,0.000000000,0.000000000,1
747,0.75,1.5,7.47,7.47,0,10.5642,10.5642,0,-0.00000000,-0.00000000,0.000000000,0.000000000,1
748,0.75,1.5,7.48,7.48,0,10.5783,10.5783,0,-0.000000000,-0.000000000,0.000000000,0.000000000,1
749,0.75,1.5,7.49,7.49,0,10.5925,10.5925,0,-0.000000000,-0.000000000,0.000000000,0.000000000,1
750,0.75,1.5,7.5,7.5,0,10.6066,10.6066,0,-0.00000000,-0.00000000,0.000000000,0.000000000,1
751,0.75,1.5,7.51,7.51,0,10.6207,10.6207,0,-0.000000000,-0.000000000,-0.000000000,-0.000000000,1
752,0.75,1.5,7.52,7.52,0,10.6349,10.6349,0,-0.000000000,-0.000000000,-0.000000000,-0.000000000,1
753,0.75,1.5,7.53,7.53,0,10.649,10.649,0,-0.000000000,-0.000000000,-0.000000000,-0.000000000,1
754,0.75,1.5,7.54,7.54,0,10.6632,10.6632,0,-0.000000000,-0.000000000,-0.000000000,-0.000000000,1
755,0.75,1.5,7.55,7.55,0,10.6773,10.6773,0,-0.000000000,-0.000000000,-0.000000000,-0.000000000,1
756,0.75,1.5,7.56,7.56,0,10.6915,10.6915,0,-0.000000000,-0.000000000,-0.00000000,-0.00000000,1
757,0.75,1.5,7.57,7.57,0,10.7056,10.7056,0,-0.00000000,-0.00000000,-0.000000000,-0.000000000,1
758,0.75,1.5,7.58,7.58,0,10.7197,10.7197,0,-0.000000000,-0.000000000,-0.000000000,-0.000000000,1
759,0.75,1.5,7.59,7.59,0,10.7339,10.7339,0,-0.000000000,-0.000000000,-0.000000000,-0.000000000,1
760,0.75,1.5,7.6,7.6,0,10.748,10.748,0,-0.000000000,-0.000000000,0.000000000,0.000000000,1
761,0.75,1.5,7.61,7.61,0,10.7622,10.7622,0,-0.000000000,-0.000000000,0.000000000,0.000000000,1
762,0.75,1.5,7.62,7.62,0,10.7763,10.7763,0,-0.000000000,-0.000000000,0.000000000,0.000000000,1
763,0.75,1.5,7.63,7.63,0,10.7905,10.7905,0,-0.000000000,-0.000000000,0.000000000,0.000000000,1
764,0.75,1.5,7.64,7.64,0,10.8046,10.8046,0,-0.000000000,-0.000000000,0.000000000,0.000000000,1
765,0.75,1.5,7.65,7.65,0,10.8187,10.8187,0,0.000000000,0.000000000,0.000000000,0.000000000,1
766,0.75,1.5,7.66,7.66,0,10.8329,10.8329,0,0.000000000,0.000000000,0.000000000,0.000000000,1
767,0.75,1.5,7.67,7.67,0,10.847,10.847,0,0.000000000,0.000000000,0.000000000,0.000000000,1
768,0.75,1.5,7.68,7.68,0,10.8612,10.8612,0,0.000000000,0.000000000,0.000000000,0.000000000,1
769,0.75,1.5,7.69,7.69,0,10.8753,10.8753,0,0.000000000,0.000000000,0.000000000,0.000000000,1
770,0.75,1.5,7.7,7.7,0,10.8894,10.8894,0,0.000000000,0.000000000,0.000000000,0.000000000,1
771,0.75,1.5,7.71,7.71,0,10.9036,10.9036,0,-0.000000000,-0.000000000,0.000000000,0.000000000,1
772,0.75,1.5,7.72,7.72,0,10.9177,10.9177,0,-0.000000000,-0.000000000,0.000000000,0.000000000,1
773,0.75,1.5,7.73,7.73,0,10.9319,10.9319,0,-0.000000000,-0.000000000,0.000000000,0.000000000,1
774,0.75,1.5,7.74,7.74,0,10.946,10.946,0,-0.000000000,-0.000000000,0.000000000,0.000000000,1
775,0.75,1.5,7.75,7.75,0,10.9602,10.9602,0,-0.000000000,-0.000000000,0.000000000,0.000000000,1
776,0.75,1.5,7.76,7.76,0,10.9743,10.9743,0,-0.000000000,-0.000000000,0.00000000,0.00000000,1
777,0.75,1.5,7.77,7.77,0,10.9884,10.9884,0,-0.000000000,-0.000000000,0.000000000,0.000000000,1
778,0.75,1.5,7.78,7.78,0,11.0026,11.0026,0,-0.000000000,-0.000000000,0.000000000,0.000000000,1
779,0.75,1.5,7.79,7.79,0,11.0167,11.0167,0,0.000000000,0.000000000,0.000000000,0.000000000,1
780,0.75,1.5,7.8,7.8,0,11.0309,11.0309,0,0.000000000,0.000000000,0.000000000,0.000000000,1
781,0.75,1.5,7.81,7.81,0,11.045,11.045,0,0.000000000,0.000000000,0.000000000,0.000000000,1
782,0.75,1.5,7.82,7.82,0,11.0592,11.0592,0,0.000000000,0.000000000,0.000000000,0.000000000,1
783,0.75,1.5,7.83,7.83,0,11.0733,11.0733,0,0.000000000,0.000000000,0.000000000,0.000000000,1
784,0.75,1.5,7.84,7.84,0,11.0874,11.0874,0,0.000000000,0.000000000,-0.000000000,-0.000000000,1
785,0.75,1.5,7.85,7.85,0,11.1016,11.1016,0,0.000000000,0.000000000,-0.000000000,-0.000000000,1
786,0.75,1.5,7.86,7.86,0,11.1157,11.1157,0,0.000000000,0.000000000,-0.000000000,-0.000000000,1
787,0.75,1.5,7.87,7.87,0,11.1299,11.1299,0,0.000000000,0.000000000,-0.000000000,-0.000000000,1
788,0.75,1.5,7.88,7.88,0,11.144,11.144,0,0.000000000,0.000000000,-0.000000000,-0.000000000,1
789,0.75,1.5,7.89,7.89,0,11.1581,11.1581,0,0.000000000,0.000000000,0.00000000,0.00000000,1
790,0.75,1.5,7.9,7.9,0,11.1723,11.1723,0,0.000000000,0.000000000,0.000000000,0.000000000,1
791,0.75,1.5,7.91,7.91,0,11.1864,11.1864,0,0.000000000,0.000000000,0.000000000,0.000000000,1
792,0.75,1.5,7.92,7.92,0,11.2006,11.2006,0,0.000000000,0.000000000,0.000000000,0.000000000,1
793,0.75,1.5,7.93,7.93,0,11.2147,11.2147,0,0.000000000,0.000000000,0.000000000,0.000000000,1
794,0.75,1.5,7.94,7.94,0,11.2289,11.2289,0,0.00000000,0.00000000,0.000000000,0.000000000,1
795,0.75,1.5,7.95,7.95,0,11.243,11.243,0,0.000000000,0.000000000,0.000000000,0.000000000,1
796,0.75,1.5,7.96,7.96,0,11.2571,11.2571,0,0.000000000,0.000000000,0.000000000,0.000000000,1
797,0.75,1.5,7.97,7.97,0,11.2713,11.2713,0,0.000000000,0.000000000,0.00000000,0.00000000,1
798,0.75,1.5,7.98,7.98,0,11.2854,11.2854,0,-0.000000000,-0.000000000,0.000000000,0.000000000,1
799,0.75,1.5,7.99,7.99,0,11.2996,11.2996,0,0.000000000,0.000000000,0.000000000,0.000000000,1
800,0.75,1.5,8,8,0,11.3137,11.3137,0,0.000000000,0.000000000,0.000000000,0.000000000,1
801,0.75,1.5,8.01,8.01,0,11.3279,11.3279,0,0.000000000,0.000000000,0.000000000,0.000000000,1
802,0.75,1.5,8.02,8.02,0,11.342,11.342,0,0.00000000,0.00000000,0.00000000,0.00000000,1
803,0.75,1.5,8.03,8.03,0,11.3561,11.3561,0,0.000000000,0.000000000,0.000000000,0.000000000,1
804,0.75,1.5,8.04,8.04,0,11.3703,11.3703,0,0.000000000,0.000000000,0.000000000,0.000000000,1
805,0.75,1.5,8.05,8.05,0,11.3844,11.3844,0,0.000000000,0.000000000,0.000000000,0.000000000,1
806,0.75,1.5,8.06,8.06,0,11.3986,11.3986,0,0.000000000,0.000000000,0.000000000,0.000000000,1
807,0.75,1.5,8.07,8.07,0,11.4127,11.4127,0,0.000000000,0.000000000,-0.000000000,-0.000000000,1
808,0.75,1.5,8.08,8.08,0,11.4268,11.4268,0,-0.000000000,-0.000000000,-0.000000000,-0.000000000,1
809,0.75,1.5,8.09,8.09,0,11.441,11.441,0,-0.000000000,-0.000000000,-0.000000000,-0.000000000,1
810,0.75,1.5,8.1,8.1,0,11.4551,11.4551,0,-0.000000000,-0.000000000,0.000000000,0.000000000,1
811,0.75,1.5,8.11,8.11,0,11.4693,11.4693,0,-0.000000000,-0.000000000,0.000000000,0.000000000,1
812,0.75,1.5,8.12,8.12,0,11.4834,11.4834,0,0.000000000,0.000000000,0.000000000,0.000000000,1
813,0.75,1.5,8.13,8.13,0,11.4976,11.4976,0,0.000000000,0.000000000,0.000000000,0.000000000,1
814,0.75,1.5,8.14,8.14,0,11.5117,11.5117,0,0.000000000,0.000000000,0.000000000,0.000000000,1
815,0.75,1.5,8.15,8.15,0,11.5258,11.5258,0,0.000000000,0.000000000,0.000000000,0.000000000,1
816,0.75,1.5,8.16,8.16,0,11.54,11.54,0,0.000000000,0.000000000,0.000000000,0.000000000,1
817,0.75,1.5,8.17,8.17,0,11.5541,11.5541,0,0.00000000,0.00000000,0.000000000,0.000000000,1
818,0.75,1.5,8.18,8.18,0,11.5683,11.5683,0,0.000000000,0.000000000,0.000000000,0.000000000,1
819,0.75,1.5,8.19,8.19,0,11.5824,11.5824,0,-0.000000000,-0.000000000,-0.000000000,-0.000000000,1
820,0.75,1.5,8.2,8.2,0,11.5966,11.5966,0,-0.00000000,-0.00000000,-0.000000000,-0.000000000,1
821,0.75,1.5,8.21,8.21,0,11.6107,11.6107,0,-0.000000000,-0.000000000,-0.000000000,-0.000000000,1
822,0.75,1.5,8.22,8.22,0,11.6248,11.6248,0,-0.000000000,-0.000000000,-0.000000000,-0.000000000,1
823,0.75,1.5,8.23,8.23,0,11.639,11.639,0,-0.000000000,-0.000000000,-0.000000000,-0.000000000,1
824,0.75,1.5,8.24,8.24,0,11.6531,11.6531,0,-0.000000000,-0.000000000,-0.000000000,-0.000000000,1
825,0.75,1.5,8.25,8.25,0,11.6673,11.6673,0,-0.000000000,-0.000000000,-0.000000000,-0.000000000,1
826,0.75,1.5,8.26,8.26,0,11.6814,11.6814,0,-0.000000000,-0.000000000,-0.000000000,-0.000000000,1
827,0.75,1.5,8.27,8.27,0,11.6955,11.6955,0,-0.000000000,-0.000000000,-0.000000000,-0.000000000,1
828,0.75,1.5,8.28,8.28,0,11.7097,11.7097,0,0.000000000,0.000000000,0.000000000,0.000000000,1
829,0.75,1.5,8.29,8.29,0,11.7238,11.7238,0,0.000000000,0.000000000,0.000000000,0.000000000,1
830,0.75,1.5,8.3,8.3,0,11.738,11.738,0,0.000000000,0.000000000,0.0000000,0.0000000,1
831,0.75,1.5,8.31,8.31,0,11.7521,11.7521,0,0.000000000,0.000000000,0.000000000,0.000000000,1
832,0.75,1.5,8.32,8.32,0,11.7663,11.7663,0,0.000000000,0.000000000,0.000000000,0.000000000,1
833,0.75,1.5,8.33,8.33,0,11.7804,11.7804,0,0.000000000,0.000000000,0.000000000,0.000000000,1
834,0.75,1.5,8.34,8.34,0,11.7945,11.7945,0,-0.000000000,-0.000000000,0.000000000,0.000000000,1
835,0.75,1.5,8.35,8.35,0,11.8087,11.8087,0,-0.000000000,-0.000000000,0.000000000,0.000000000,1
836,0.75,1.5,8.36,8.36,0,11.8228,11.8228,0,-0.000000000,-0.000000000,0.000000000,0.000000000,1
837,0.75,1.5,8.37,8.37,0,11.837,11.837,0,-0.000000000,-0.000000000,0.0000000,0.0000000,1
838,0.75,1.5,8.38,8.38,0,11.8511,11.8511,0,-0.000000000,-0.000000000,0.000000000,0.000000000,1
839,0.75,1.5,8.39,8.39,0,11.8653,11.8653,0,-0.000000000,-0.000000000,0.000000000,0.000000000,1
840,0.75,1.5,8.4,8.4,0,11.8794,11.8794,0,-0.000000000,-0.000000000,0.000000000,0.000000000,1
841,0.75,1.5,8.41,8.41,0,11.8935,11.8935,0,-0.000000000,-0.000000000,0.000000000,0.000000000,1
842,0.75,1.5,8.42,8.42,0,11.9077,11.9077,0,-0.00000000,-0.00000000,0.000000000,0.000000000,1
843,0.75,1.5,8.43,8.43,0,11.9218,11.9218,0,0.000000000,0.000000000,0.000000000,0.000000000,1
844,0.75,1.5,8.44,8.44,0,11.936,11.936,0,0.000000000,0.000000000,0.000000000,0.000000000,1
845,0.75,1.5,8.45,8.45,0,11.9501,11.9501,0,0.000000000,0.000000000,0.000000000,0.000000000,1
846,0.75,1.5,8.46,8.46,0,11.9642,11.9642,0,0.000000000,0.000000000,0.000000000,0.000000000,1
847,0.75,1.5,8.47,8.47,0,11.9784,11.9784,0,0.000000000,0.000000000,0.000000000,0.000000000,1
848,0.75,1.5,8.48,8.48,0,11.9925,11.9925,0,0.000000000,0.000000000,0.000000000,0.000000000,1
849,0.75,1.5,8.49,8.49,0,12.0067,12.0067,0,0.000000000,0.000000000,0.000000000,0.000000000,1
850,0.75,1.5,8.5,8.5,0,12.0208,12.0208,0,0.000000000,0.000000000,0.000000000,0.000000000,1
851,0.75,1.5,8.51,8.51,0,12.035,12.035,0,0.000000000,0.000000000,0.000000000,0.000000000,1
852,0.75,1.5,8.52,8.52,0,12.0491,12.0491,0,0.000000000,0.000000000,0.0000000,0.0000000,1
853,0.75,1.5,8.53,8.53,0,12.0632,12.0632,0,0.000000000,0.000000000,0.000000000,0.000000000,1
854,0.75,1.5,8.54,8.54,0,12.0774,12.0774,0,0.000000000,0.000000000,0.000000000,0.000000000,1
855,0.75,1.5,8.55,8.55,0,12.0915,12.0915,0,0.00000000,0.00000000,-0.000000000,-0.000000000,1
856,0.75,1.5,8.56,8.56,0,12.1057,12.1057,0,-0.000000000,-0.000000000,-0.000000000,-0.000000000,1
857,0.75,1.5,8.57,8.57,0,12.1198,12.1198,0,-0.000000000,-0.000000000,-0.00000000,-0.00000000,1
858,0.75,1.5,8.58,8.58,0,12.134,12.134,0,-0.000000000,-0.000000000,-0.000000000,-0.000000000,1
859,0.75,1.5,8.59,8.59,0,12.1481,12.1481,0,-0.000000000,-0.000000000,-0.000000000,-0.000000000,1
860,0.75,1.5,8.6,8.6,0,12.1622,12.1622,0,-0.000000000,-0.000000000,-0.000000000,-0.000000000,1
861,0.75,1.5,8.61,8.61,0,12.1764,12.1764,0,-0.000000000,-0.000000000,-0.000000000,-0.000000000,1
862,0.75,1.5,8.62,8.62,0,12.1905,12.1905,0,-0.000000000,-0.000000000,-0.000000000,-0.000000000,1
863,0.75,1.5,8.63,8.63,0,12.2047,12.2047,0,-0.000000000,-0.000000000,-0.000000000,-0.000000000,1
864,0.75,1.5,8.64,8.64,0,12.2188,12.2188,0,0.000000000,0.000000000,-0.000000000,-0.000000000,1
865,0.75,1.5,8.65,8.65,0,12.2329,12.2329,0,0.00000000,0.00000000,-0.000000000,-0.000000000,1
866,0.75,1.5,8.66,8.66,0,12.2471,12.2471,0,0.000000000,0.000000000,-0.000000000,-0.000000000,1
867,0.75,1.5,8.67,8.67,0,12.2612,12.2612,0,0.000000000,0.000000000,-0.00000000,-0.00000000,1
868,0.75,1.5,8.68,8.68,0,12.2754,12.2754,0,0.000000000,0.000000000,-0.000000000,-0.000000000,1
869,0.75,1.5,8.69,8.69,0,12.2895,12.2895,0,0.000000000,0.000000000,-0.000000000,-0.000000000,1
870,0.75,1.5,8.7,8.7,0,12.3037,12.3037,0,0.000000000,0.000000000,-0.000000000,-0.000000000,1
871,0.75,1.5,8.71,8.71,0,12.3178,12.3178,0,0.000000000,0.000000000,-0.000000000,-0.000000000,1
872,0.75,1.5,8.72,8.72,0,12.3319,12.3319,0,0.000000000,0.000000000,-0.000000000,-0.000000000,1
873,0.75,1.5,8.73,8.73,0,12.3461,12.3461,0,0.000000000,0.000000000,-0.00000000,-0.00000000,1
874,0.75,1.5,8.74,8.74,0,12.3602,12.3602,0,0.000000000,0.000000000,-0.000000000,-0.000000000,1
875,0.75,1.5,8.75,8.75,0,12.3744,12.3744,0,-0.000000000,-0.000000000,-0.000000000,-0.000000000,1
876,0.75,1.5,8.76,8.76,0,12.3885,12.3885,0,-0.000000000,-0.000000000,-0.000000000,-0.000000000,1
877,0.75,1.5,8.77,8.77,0,12.4027,12.4027,0,-0.000000000,-0.000000000,-0.000000000,-0.000000000,1
878,0.75,1.5,8.78,8.78,0,12.4168,12.4168,0,-0.00000000,-0.00000000,-0.000000000,-0.000000000,1
879,0.75,1.5,8.79,8.79,0,12.4309,12.4309,0,-0.000000000,-0.000000000,-0.000000000,-0.000000000,1
880,0.75,1.5,8.8,8.8,0,12.4451,12.4451,0,-0.000000000,-0.000000000,0.00000000,0.00000000,1
881,0.75,1.5,8.81,8.81,0,12.4592,12.4592,0,-0.00000000,-0.00000000,0.000000000,0.000000000,1
882,0.75,1.5,8.82,8.82,0,12.4734,12.4734,0,-0.000000000,-0.000000000,0.00000000,0.00000000,1
883,0.75,1.5,8.83,8.83,0,12.4875,12.4875,0,0.000000000,0.000000000,0.000000000,0.000000000,1
884,0.75,1.5,8.84,8.84,0,12.5016,12.5016,0,0.000000000,0.000000000,-0.000000000,-0.000000000,1
885,0.75,1.5,8.85,8.85,0,12.5158,12.5158,0,0.000000000,0.000000000,0.000000000,0.000000000,1
886,0.75,1.5,8.86,8.86,0,12.5299,12.5299,0,0.000000000,0.000000000,0.000000000,0.000000000,1
887,0.75,1.5,8.87,8.87,0,12.5441,12.5441,0,0.000000000,0.000000000,0.000000000,0.000000000,1
888,0.75,1.5,8.88,8.88,0,12.5582,12.5582,0,0.000000000,0.000000000,0.00000000,0.00000000,1
889,0.75,1.5,8.89,8.89,0,12.5724,12.5724,0,-0.000000000,-0.000000000,0.000000000,0.000000000,1
890,0.75,1.5,8.9,8.9,0,12.5865,12.5865,0,-0.000000000,-0.000000000,0.00000000,0.00000000,1
891,0.75,1.5,8.91,8.91,0,12.6006,12.6006,0,-0.000000000,-0.000000000,0.000000000,0.000000000,1
892,0.75,1.5,8.92,8.92,0,12.6148,12.6148,0,-0.000000000,-0.000000000,0.00000000,0.00000000,1
893,0.75,1.5,8.93,8.93,0,12.6289,12.6289,0,-0.000000000,-0.000000000,0.000000000,0.000000000,1
894,0.75,1.5,8.94,8.94,0,12.6431,12.6431,0,-0.000000000,-0.000000000,0.000000000,0.000000000,1
895,0.75,1.5,8.95,8.95,0,12.6572,12.6572,0,-0.000000000,-0.000000000,0.000000000,0.000000000,1
896,0.75,1.5,8.96,8.96,0,12.6714,12.6714,0,-0.000000000,-0.000000000,-0.000000000,-0.000000000,1
897,0.75,1.5,8.97,8.97,0,12.6855,12.6855,0,-0.000000000,-0.000000000,-0.000000000,-0.000000000,1
898,0.75,1.5,8.98,8.98,0,12.6996,12.6996,0,-0.000000000,-0.000000000,-0.000000000,-0.000000000,1
899,0.75,1.5,8.99,8.99,0,12.7138,12.7138,0,-0.000000000,-0.000000000,-0.000000000,-0.000000000,1
900,0.75,1.5,9,9,0,12.7279,12.7279,0,-0.000000000,-0.000000000,-0.000000000,-0.000000000,1
901,0.75,1.5,9.01,9.01,0,12.7421,12.7421,0,-0.000000000,-0.000000000,0.000000000,0.000000000,1
902,0.75,1.5,9.02,9.02,0,12.7562,12.7562,0,-0.000000000,-0.000000000,0.000000000,0.000000000,1
903,0.75,1.5,9.03,9.03,0,12.7703,12.7703,0,-0.000000000,-0.000000000,0.000000000,0.000000000,1
904,0.75,1.5,9.04,9.04,0,12.7845,12.7845,0,-0.000000000,-0.000000000,0.000000000,0.000000000,1
905,0.75,1.5,9.05,9.05,0,12.7986,12.7986,0,0.000000000,0.000000000,0.000000000,0.000000000,1
906,0.75,1.5,9.06,9.06,0,12.8128,12.8128,0,0.000000000,0.000000000,0.000000000,0.000000000,1
907,0.75,1.5,9.07,9.07,0,12.8269,12.8269,0,0.000000000,0.000000000,-0.000000000,-0.000000000,1
908,0.75,1.5,9.08,9.08,0,12.8411,12.8411,0,0.000000000,0.000000000,-0.000000000,-0.000000000,1
909,0.75,1.5,9.09,9.09,0,12.8552,12.8552,0,-0.00000000,-0.000000000,-0.000000000,-0.000000000,1
910,0.75,1.5,9.1,9.1,0,12.8693,12.8693,0,-0.000000000,-0.00000000,-0.000000000,-0.000000000,1
911,0.75,1.5,9.11,9.11,0,12.8835,12.8835,0,-0.000000000,-0.000000000,-0.00000000,-0.00000000,1
912,0.75,1.5,9.12,9.12,0,12.8976,12.8976,0,0.000000000,0.000000000,-0.000000000,-0.000000000,1
913,0.75,1.5,9.13,9.13,0,12.9118,12.9118,0,0.000000000,0.00000000,0.000000000,0.000000000,1
914,0.75,1.5,9.14,9.14,0,12.9259,12.9259,0,0.000000000,0.000000000,0.000000000,0.000000000,1
915,0.75,1.5,9.15,9.15,0,12.9401,12.9401,0,0.000000000,0.000000000,0.00000000,0.00000000,1
916,0.75,1.5,9.16,9.16,0,12.9542,12.9542,0,0.000000000,0.000000000,0.000000000,0.000000000,1
917,0.75,1.5,9.17,9.17,0,12.9683,12.9683,0,0.000000000,0.000000000,0.000000000,0.000000000,1
918,0.75,1.5,9.18,9.18,0,12.9825,12.9825,0,0.000000000,0.000000000,0.000000000,0.000000000,1
919,0.75,1.5,9.19,9.19,0,12.9966,12.9966,0,0.000000000,0.000000000,0.000000000,0.000000000,1
920,0.75,1.5,9.2,9.2,0,13.0108,13.0108,0,0.000000000,0.000000000,0.000000000,0.000000000,1
921,0.75,1.5,9.21,9.21,0,13.0249,13.0249,0,0.000000000,0.000000000,0.000000000,0.000000000,1
922,0.75,1.5,9.22,9.22,0,13.039,13.039,0,0.00000000,0.000000000,0.000000000,0.000000000,1
923,0.75,1.5,9.23,9.23,0,13.0532,13.0532,0,0.000000000,0.000000000,0.00000000,0.00000000,1
924,0.75,1.5,9.24,9.24,0,13.0673,13.0673,0,0.000000000,0.000000000,-0.00000000,-0.00000000,1
925,0.75,1.5,9.25,9.25,0,13.0815,13.0815,0,0.000000000,0.000000000,-0.000000000,-0.000000000,1
926,0.75,1.5,9.26,9.26,0,13.0956,13.0956,0,0.000000000,0.000000000,-0.000000000,-0.000000000,1
927,0.75,1.5,9.27,9.27,0,13.1098,13.1098,0,-0.000000000,-0.00000000,-0.00000000,-0.00000000,1
928,0.75,1.5,9.28,9.28,0,13.1239,13.1239,0,-0.000000000,-0.000000000,-0.000000000,-0.000000000,1
929,0.75,1.5,9.29,9.29,0,13.138,13.138,0,-0.000000000,-0.000000000,-0.000000000,-0.000000000,1
930,0.75,1.5,9.3,9.3,0,13.1522,13.1522,0,-0.000000000,-0.000000000,0.000000000,0.000000000,1
931,0.75,1.5,9.31,9.31,0,13.1663,13.1663,0,-0.000000000,-0.000000000,0.00000000,0.00000000,1
932,0.75,1.5,9.32,9.32,0,13.1805,13.1805,0,-0.000000000,-0.000000000,0.000000000,0.000000000,1
933,0.75,1.5,9.33,9.33,0,13.1946,13.1946,0,-0.00000000,0.000000000,0.000000000,0.000000000,1
934,0.75,1.5,9.34,9.34,0,13.2088,13.2088,0,0.0000000,0.000000000,0.000000000,-0.000000000,1
935,0.75,1.5,9.35,9.35,0,13.2229,13.2229,0,0.000000000,0.000000000,-0.000000000,-0.000000000,1
936,0.75,1.5,9.36,9.36,0,13.237,13.237,0,0.000000000,0.000000000,-0.000000000,-0.000000000,1
937,0.75,1.5,9.37,9.37,0,13.2512,13.2512,0,0.000000000,0.000000000,-0.000000000,-0.000000000,1
938,0.75,1.5,9.38,9.38,0,13.2653,13.2653,0,0.000000000,0.000000000,-0.00000000,-0.000000000,1
939,0.75,1.5,9.39,9.39,0,13.2795,13.2795,0,-0.000000000,-0.000000000,-0.000000000,-0.000000000,1
940,0.75,1.5,9.4,9.4,0,13.2936,13.2936,0,-0.000000000,-0.000000000,0.000000000,0.000000000,1
941,0.75,1.5,9.41,9.41,0,13.3077,13.3077,0,-0.000000000,-0.000000000,0.000000000,0.000000000,1
942,0.75,1.5,9.42,9.42,0,13.3219,13.3219,0,-0.000000000,-0.000000000,0.000000000,0.000000000,1
943,0.75,1.5,9.43,9.43,0,13.336,13.336,0,-0.000000000,-0.000000000,0.000000000,0.000000000,1
944,0.75,1.5,9.44,9.44,0,13.3502,13.3502,0,-0.000000000,-0.000000000,0.00000000,0.000000000,1
945,0.75,1.5,9.45,9.45,0,13.3643,13.3643,0,-0.000000000,-0.000000000,0.000000000,0.000000000,1
946,0.75,1.5,9.46,9.46,0,13.3785,13.3785,0,-0.000000000,-0.000000000,0.000000000,0.000000000,1
947,0.75,1.5,9.47,9.47,0,13.3926,13.3926,0,-0.00000000,-0.000000000,0.000000000,0.000000000,1
948,0.75,1.5,9.48,9.48,0,13.4067,13.4067,0,-0.000000000,0.000000000,0.000000000,0.000000000,1
949,0.75,1.5,9.49,9.49,0,13.4209,13.4209,0,0.000000000,0.000000000,0.000000000,0.000000000,1
950,0.75,1.5,9.5,9.5,0,13.435,13.435,0,0.000000000,0.000000000,0.000000000,0.000000000,1
951,0.75,1.5,9.51,9.51,0,13.4492,13.4492,0,0.000000000,0.000000000,0.000000000,0.000000000,1
952,0.75,1.5,9.52,9.52,0,13.4633,13.4633,0,0.000000000,0.000000000,0.000000000,0.000000000,1
953,0.75,1.5,9.53,9.53,0,13.4775,13.4775,0,0.000000000,0.000000000,-0.000000000,-0.000000000,1
954,0.75,1.5,9.54,9.54,0,13.4916,13.4916,0,0.000000000,0.000000000,-0.00000000,-0.000000000,1
955,0.75,1.5,9.55,9.55,0,13.5057,13.5057,0,0.000000000,0.000000000,-0.000000000,-0.000000000,1
956,0.75,1.5,9.56,9.56,0,13.5199,13.5199,0,0.000000000,-0.000000000,-0.000000000,-0.000000000,1
957,0.75,1.5,9.57,9.57,0,13.534,13.534,0,0.000000000,-0.000000000,-0.000000000,-0.000000000,1
958,0.75,1.5,9.58,9.58,0,13.5482,13.5482,0,0.000000000,0.000000000,-0.000000000,-0.000000000,1
959,0.75,1.5,9.59,9.59,0,13.5623,13.5623,0,0.000000000,0.00000000,-0.000000000,-0.000000000,1
960,0.75,1.5,9.6,9.6,0,13.5765,13.5765,0,0.000000000,0.000000000,-0.000000000,-0.000000000,1
961,0.75,1.5,9.61,9.61,0,13.5906,13.5906,0,0.000000000,0.000000000,0.000000000,0.000000000,1
962,0.75,1.5,9.62,9.62,0,13.6047,13.6047,0,0.000000000,0.000000000,0.000000000,0.000000000,1
963,0.75,1.5,9.63,9.63,0,13.6189,13.6189,0,0.000000000,0.000000000,0.000000000,0.00000000,1
964,0.75,1.5,9.64,9.64,0,13.633,13.633,0,0.000000000,0.000000000,0.000000000,0.000000000,1
965,0.75,1.5,9.65,9.65,0,13.6472,13.6472,0,0.000000000,0.00000000,0.000000000,0.000000000,1
966,0.75,1.5,9.66,9.66,0,13.6613,13.6613,0,0.000000000,0.000000000,0.000000000,0.000000000,1
967,0.75,1.5,9.67,9.67,0,13.6754,13.6754,0,0.000000000,0.000000000,0.000000000,0.000000000,1
968,0.75,1.5,9.68,9.68,0,13.6896,13.6896,0,-0.000000000,-0.000000000,0.000000000,0.000000000,1
969,0.75,1.5,9.69,9.69,0,13.7037,13.7037,0,-0.000000000,-0.00000000,0.000000000,-0.000000000,1
970,0.75,1.5,9.7,9.7,0,13.7179,13.7179,0,-0.000000000,-0.00000000,-0.000000000,-0.000000000,1
971,0.75,1.5,9.71,9.71,0,13.732,13.732,0,-0.00000000,-0.000000000,-0.000000000,-0.000000000,1
980,0.75,1.5,9.8,9.8,0,13.8593,13.8593,0,-0.000000000,-0.000000000,-0.000000000,-0.000000000,1
984,0.75,1.5,9.84,9.84,0,13.9159,13.9159,0,-0.000000000,-0.00000000,-0.000000000,-0.000000000,1
985,0.75,1.5,9.85,9.85,0,13.93,13.93,0,-0.000000000,0.000000000,-0.000000000,-0.000000000,1
986,0.75,1.5,9.86,9.86,0,13.9441,13.9441,0,-0.000000000,0.00000000,0.000000000,-0.000000000,1
987,0.75,1.5,9.87,9.87,0,13.9583,13.9583,0,-0.000000000,0.000000000,0.000000000,0.00000000,1
988,0.75,1.5,9.88,9.88,0,13.9724,13.9724,0,-0.000000000,0.000000000,0.000000000,0.000000000,1
989,0.75,1.5,9.89,9.89,0,13.9866,13.9866,0,-0.000000000,0.000000000,0.000000000,0.000000000,1
990,0.75,1.5,9.9,9.9,0,14.0007,14.0007,0,-0.000000000,-0.000000000,0.000000000,0.000000000,1
991,0.75,1.5,9.91,9.91,0,14.0149,14.0149,0,-0.000000000,-0.000000000,0.000000000,0.000000000,1
992,0.75,1.5,9.92,9.92,0,14.029,14.029,0,-0.000000000,-0.000000000,0.00000000,0.000000000,1
993,0.75,1.5,9.93,9.93,0,14.0431,14.0431,0,-0.000000000,-0.00000000,0.000000000,0.00000,1
994,0.75,1.5,9.94,9.94,0,14.0573,14.0573,0,-0.000000000,-0.00000000,0.00000000,0.000000000,1
995,0.75,1.5,9.95,9.95,0,14.0714,14.0714,0,0.000000000,-0.000000000,0.000000000,0.000000000,1
996,0.75,1.5,9.96,9.96,0,14.0856,14.0856,0,0.000000000,0.000000000,0.000000000,0.000000000,1
997,0.75,1.5,9.97,9.97,0,14.0997,14.0997,0,0.000000000,0.000000000,0.000000000,0.000000000,1
998,0.75,1.5,9.98,9.98,0,14.1139,14.1139,0,0.000000000,0.0000000,0.000000000,0.000000000,1
999,0.75,1.5,9.99,9.99,0,14.128,14.128,0,0.000000000,0.000000000,0.00000000,0.000000000,1
1000,0.75,1.5,10,10,0,14.1421,14.1421,0,0.000000000,0.000000000,0.000000000,0.000000000,1
,,,,,,,,,,,,,
,,,,,,,,,,,,,
,,,,,,,,,,,,,
